-- ============================================================
-- DỮ LIỆU MẪU ĐẦY ĐỦ CHO db_quan_ly_bbq_v1
-- Quán: BẾP LỬA BBQ - Nướng Hàn Quốc & Hải sản kiểu Việt
-- Toàn bộ mật khẩu tài khoản: 1  (đã băm bcrypt)
-- ============================================================
USE db_quan_ly_bbq_v1;
SET FOREIGN_KEY_CHECKS = 0;
SET NAMES utf8mb4;

-- Dọn dữ liệu cũ (nếu có) để chèn lại từ đầu, đảm bảo ID khớp
-- Lưu ý: SET FOREIGN_KEY_CHECKS=0 được lặp lại trước MỖI lệnh TRUNCATE bên dưới.
-- Điều này để tránh lỗi #1701 trong trường hợp công cụ import (phpMyAdmin, DBeaver...)
-- chia file thành nhiều lượt chạy / nhiều kết nối, khiến SET ở đầu file bị mất hiệu lực giữa chừng.
SET FOREIGN_KEY_CHECKS = 0; TRUNCATE TABLE NHAT_KY_HAO_HUT;
SET FOREIGN_KEY_CHECKS = 0; TRUNCATE TABLE CHI_TIET_HOA_DON;
SET FOREIGN_KEY_CHECKS = 0; TRUNCATE TABLE HOA_DON;
SET FOREIGN_KEY_CHECKS = 0; TRUNCATE TABLE DAT_BAN;
SET FOREIGN_KEY_CHECKS = 0; TRUNCATE TABLE BAN;
SET FOREIGN_KEY_CHECKS = 0; TRUNCATE TABLE KHU_VUC;
SET FOREIGN_KEY_CHECKS = 0; TRUNCATE TABLE DINH_MUC_NGUYEN_LIEU;
SET FOREIGN_KEY_CHECKS = 0; TRUNCATE TABLE CHI_TIET_XUAT_KHO;
SET FOREIGN_KEY_CHECKS = 0; TRUNCATE TABLE PHIEU_XUAT_KHO;
SET FOREIGN_KEY_CHECKS = 0; TRUNCATE TABLE CHI_TIET_NHAP_KHO;
SET FOREIGN_KEY_CHECKS = 0; TRUNCATE TABLE PHIEU_NHAP_KHO;
SET FOREIGN_KEY_CHECKS = 0; TRUNCATE TABLE NHA_CUNG_CAP;
SET FOREIGN_KEY_CHECKS = 0; TRUNCATE TABLE KHO_NGUYEN_LIEU;
SET FOREIGN_KEY_CHECKS = 0; TRUNCATE TABLE NGUYEN_LIEU;
SET FOREIGN_KEY_CHECKS = 0; TRUNCATE TABLE DON_VI_TINH;
SET FOREIGN_KEY_CHECKS = 0; TRUNCATE TABLE MON_AN;
SET FOREIGN_KEY_CHECKS = 0; TRUNCATE TABLE DANH_MUC;
SET FOREIGN_KEY_CHECKS = 0; TRUNCATE TABLE NHAN_VIEN;
SET FOREIGN_KEY_CHECKS = 0; TRUNCATE TABLE TAI_KHOAN;
SET FOREIGN_KEY_CHECKS = 0; TRUNCATE TABLE VAI_TRO;
SET FOREIGN_KEY_CHECKS = 0;
SET FOREIGN_KEY_CHECKS = 1;

INSERT INTO VAI_TRO (ten_vai_tro, mo_ta, trang_thai) VALUES
  ('Admin', 'Quản trị hệ thống', 'Hoat_dong'),
  ('Phuc_vu', 'Nhân viên phục vụ', 'Hoat_dong'),
  ('Bep', 'Nhân viên bếp', 'Hoat_dong'),
  ('Thu_ngan', 'Nhân viên thu ngân', 'Hoat_dong');

INSERT INTO TAI_KHOAN (ten_dang_nhap, mat_khau_hash, ma_vai_tro, trang_thai, ngay_tao, ngay_cap_nhat) VALUES
  ('admin', '$2b$10$cccyo3Zn4lGPvxi7j7SgiuipmN5fwnMBWK8.aEVF5biWBFYy1AQQK', 1, 'Hoat_dong', '2025-01-06 08:00:00', '2025-01-06 08:00:00'),
  ('thungan01', '$2b$10$cccyo3Zn4lGPvxi7j7SgiuipmN5fwnMBWK8.aEVF5biWBFYy1AQQK', 4, 'Hoat_dong', '2025-01-07 08:00:00', '2025-01-07 08:00:00'),
  ('thungan02', '$2b$10$cccyo3Zn4lGPvxi7j7SgiuipmN5fwnMBWK8.aEVF5biWBFYy1AQQK', 4, 'Hoat_dong', '2025-01-08 08:00:00', '2025-01-08 08:00:00'),
  ('thungan03', '$2b$10$cccyo3Zn4lGPvxi7j7SgiuipmN5fwnMBWK8.aEVF5biWBFYy1AQQK', 4, 'Hoat_dong', '2025-01-09 08:00:00', '2025-01-09 08:00:00'),
  ('phucvu01', '$2b$10$cccyo3Zn4lGPvxi7j7SgiuipmN5fwnMBWK8.aEVF5biWBFYy1AQQK', 2, 'Hoat_dong', '2025-01-10 08:00:00', '2025-01-10 08:00:00'),
  ('phucvu02', '$2b$10$cccyo3Zn4lGPvxi7j7SgiuipmN5fwnMBWK8.aEVF5biWBFYy1AQQK', 2, 'Hoat_dong', '2025-01-11 08:00:00', '2025-01-11 08:00:00'),
  ('phucvu03', '$2b$10$cccyo3Zn4lGPvxi7j7SgiuipmN5fwnMBWK8.aEVF5biWBFYy1AQQK', 2, 'Hoat_dong', '2025-01-12 08:00:00', '2025-01-12 08:00:00'),
  ('phucvu04', '$2b$10$cccyo3Zn4lGPvxi7j7SgiuipmN5fwnMBWK8.aEVF5biWBFYy1AQQK', 2, 'Hoat_dong', '2025-01-13 08:00:00', '2025-01-13 08:00:00'),
  ('phucvu05', '$2b$10$cccyo3Zn4lGPvxi7j7SgiuipmN5fwnMBWK8.aEVF5biWBFYy1AQQK', 2, 'Hoat_dong', '2025-01-14 08:00:00', '2025-01-14 08:00:00'),
  ('bep01', '$2b$10$cccyo3Zn4lGPvxi7j7SgiuipmN5fwnMBWK8.aEVF5biWBFYy1AQQK', 3, 'Hoat_dong', '2025-01-15 08:00:00', '2025-01-15 08:00:00'),
  ('bep02', '$2b$10$cccyo3Zn4lGPvxi7j7SgiuipmN5fwnMBWK8.aEVF5biWBFYy1AQQK', 3, 'Hoat_dong', '2025-01-16 08:00:00', '2025-01-16 08:00:00'),
  ('bep03', '$2b$10$cccyo3Zn4lGPvxi7j7SgiuipmN5fwnMBWK8.aEVF5biWBFYy1AQQK', 3, 'Hoat_dong', '2025-01-17 08:00:00', '2025-01-17 08:00:00'),
  ('bep04', '$2b$10$cccyo3Zn4lGPvxi7j7SgiuipmN5fwnMBWK8.aEVF5biWBFYy1AQQK', 3, 'Hoat_dong', '2025-01-18 08:00:00', '2025-01-18 08:00:00');

INSERT INTO NHAN_VIEN (ho_ten, so_dien_thoai, ma_vai_tro, ma_tai_khoan, trang_thai, ngay_tao, ngay_cap_nhat) VALUES
  ('Nguyễn Văn Quản', '0901000001', 1, 1, 'Hoat_dong', '2025-01-06 08:00:00', '2025-01-06 08:00:00'),
  ('Trần Thị Hương', '0901000002', 4, 2, 'Hoat_dong', '2025-01-07 08:00:00', '2025-01-07 08:00:00'),
  ('Lê Thị Mai', '0901000003', 4, 3, 'Hoat_dong', '2025-01-08 08:00:00', '2025-01-08 08:00:00'),
  ('Phạm Thị Lan', '0901000004', 4, 4, 'Hoat_dong', '2025-01-09 08:00:00', '2025-01-09 08:00:00'),
  ('Nguyễn Văn An', '0901000005', 2, 5, 'Hoat_dong', '2025-01-10 08:00:00', '2025-01-10 08:00:00'),
  ('Trần Văn Bình', '0901000006', 2, 6, 'Hoat_dong', '2025-01-11 08:00:00', '2025-01-11 08:00:00'),
  ('Lê Văn Cường', '0901000007', 2, 7, 'Hoat_dong', '2025-01-12 08:00:00', '2025-01-12 08:00:00'),
  ('Phạm Thị Duyên', '0901000008', 2, 8, 'Hoat_dong', '2025-01-13 08:00:00', '2025-01-13 08:00:00'),
  ('Hoàng Văn Em', '0901000009', 2, 9, 'Hoat_dong', '2025-01-14 08:00:00', '2025-01-14 08:00:00'),
  ('Nguyễn Văn Phúc', '0901000010', 3, 10, 'Hoat_dong', '2025-01-15 08:00:00', '2025-01-15 08:00:00'),
  ('Trần Văn Sơn', '0901000011', 3, 11, 'Hoat_dong', '2025-01-16 08:00:00', '2025-01-16 08:00:00'),
  ('Lê Văn Tài', '0901000012', 3, 12, 'Hoat_dong', '2025-01-17 08:00:00', '2025-01-17 08:00:00'),
  ('Phạm Văn Vũ', '0901000013', 3, 13, 'Hoat_dong', '2025-01-18 08:00:00', '2025-01-18 08:00:00');

INSERT INTO DANH_MUC (ten_danh_muc, mo_ta, trang_thai, ngay_tao, ngay_cap_nhat) VALUES
  ('Thịt bò nướng', 'Các loại thịt bò tươi ướp gia vị nướng tại bàn', 'Dang_su_dung', '2025-01-10 09:00:00', '2025-01-10 09:00:00'),
  ('Thịt heo nướng', 'Các loại thịt heo tươi ướp gia vị nướng tại bàn', 'Dang_su_dung', '2025-01-10 09:00:00', '2025-01-10 09:00:00'),
  ('Hải sản nướng', 'Tôm, mực, bạch tuộc, nghêu, cá tươi sống', 'Dang_su_dung', '2025-01-10 09:00:00', '2025-01-10 09:00:00'),
  ('Gia cầm nướng', 'Gà ta, cánh gà, đùi gà nướng', 'Dang_su_dung', '2025-01-10 09:00:00', '2025-01-10 09:00:00'),
  ('Rau củ & Nấm nướng', 'Rau củ quả, nấm ăn kèm nướng', 'Dang_su_dung', '2025-01-10 09:00:00', '2025-01-10 09:00:00'),
  ('Món khai vị', 'Salad, chiên, súp khai vị', 'Dang_su_dung', '2025-01-10 09:00:00', '2025-01-10 09:00:00'),
  ('Cơm & Mì', 'Các món cơm, mì, miến, cháo', 'Dang_su_dung', '2025-01-10 09:00:00', '2025-01-10 09:00:00'),
  ('Nước chấm & Gia vị kèm', 'Nước chấm, muối chấm, sốt ăn kèm', 'Dang_su_dung', '2025-01-10 09:00:00', '2025-01-10 09:00:00'),
  ('Nước uống', 'Bia, nước ngọt, nước ép, trà', 'Dang_su_dung', '2025-01-10 09:00:00', '2025-01-10 09:00:00'),
  ('Combo set nướng', 'Set nướng combo dành cho nhóm', 'Dang_su_dung', '2025-01-10 09:00:00', '2025-01-10 09:00:00'),
  ('Tráng miệng', 'Kem, trái cây, bánh tráng miệng', 'Dang_su_dung', '2025-01-10 09:00:00', '2025-01-10 09:00:00');

INSERT INTO MON_AN (ten_mon_an, ma_danh_muc, gia_ban, mo_ta, hinh_anh_url, trang_thai, ngay_tao, ngay_cap_nhat) VALUES
  ('Ba chỉ bò Mỹ nướng', 1, 189000, 'Ba chỉ bò Mỹ nhập khẩu, thớ vân mỡ đều, ướp sốt đặc biệt', NULL, 'Dang_kinh_doanh', '2025-01-12 09:00:00', '2025-01-12 09:00:00'),
  ('Thăn bò Úc nướng tảng', 1, 259000, 'Thăn bò Úc nguyên tảng, mềm ngọt tự nhiên', NULL, 'Dang_kinh_doanh', '2025-01-12 09:00:00', '2025-01-12 09:00:00'),
  ('Bò cuộn nấm kim châm', 1, 99000, 'Thịt bò cuộn nấm kim châm nướng than hoa', NULL, 'Dang_kinh_doanh', '2025-01-12 09:00:00', '2025-01-12 09:00:00'),
  ('Lưỡi bò nướng', 1, 149000, 'Lưỡi bò sơ chế sạch, ướp sả ớt', NULL, 'Dang_kinh_doanh', '2025-01-12 09:00:00', '2025-01-12 09:00:00'),
  ('Gầu bò nướng', 1, 169000, 'Gầu bò giòn sần sật, ướp kiểu Hàn', NULL, 'Dang_kinh_doanh', '2025-01-12 09:00:00', '2025-01-12 09:00:00'),
  ('Sườn heo nướng mật ong', 2, 139000, 'Sườn heo ướp mật ong, sốt BBQ đậm đà', NULL, 'Dang_kinh_doanh', '2025-01-12 09:00:00', '2025-01-12 09:00:00'),
  ('Ba chỉ heo nướng', 2, 89000, 'Ba chỉ heo tươi thái lát, nướng giòn bì', NULL, 'Dang_kinh_doanh', '2025-01-12 09:00:00', '2025-01-12 09:00:00'),
  ('Nạc vai heo nướng sả ớt', 2, 95000, 'Nạc vai heo ướp sả ớt thơm nồng', NULL, 'Dang_kinh_doanh', '2025-01-12 09:00:00', '2025-01-12 09:00:00'),
  ('Chân giò heo nướng', 2, 129000, 'Chân giò heo nướng da giòn', NULL, 'Dang_kinh_doanh', '2025-01-12 09:00:00', '2025-01-12 09:00:00'),
  ('Xúc xích Đức nướng', 2, 79000, 'Xúc xích Đức nhập khẩu nướng than hoa', NULL, 'Dang_kinh_doanh', '2025-01-12 09:00:00', '2025-01-12 09:00:00'),
  ('Tôm sú nướng muối ớt', 3, 189000, 'Tôm sú tươi nướng muối ớt xanh', NULL, 'Dang_kinh_doanh', '2025-01-12 09:00:00', '2025-01-12 09:00:00'),
  ('Mực ống nướng sa tế', 3, 159000, 'Mực ống tươi nướng sa tế cay', NULL, 'Dang_kinh_doanh', '2025-01-12 09:00:00', '2025-01-12 09:00:00'),
  ('Bạch tuộc nướng sốt cay', 3, 179000, 'Bạch tuộc baby nướng sốt Hàn Quốc', NULL, 'Dang_kinh_doanh', '2025-01-12 09:00:00', '2025-01-12 09:00:00'),
  ('Nghêu hấp sả nướng bơ tỏi', 3, 119000, 'Nghêu tươi nướng bơ tỏi thơm lừng', NULL, 'Dang_kinh_doanh', '2025-01-12 09:00:00', '2025-01-12 09:00:00'),
  ('Cá basa nướng giấy bạc', 3, 99000, 'Cá basa fillet nướng giấy bạc', NULL, 'Dang_kinh_doanh', '2025-01-12 09:00:00', '2025-01-12 09:00:00'),
  ('Gà ta nướng lá chanh', 4, 219000, 'Gà ta nguyên con nướng lá chanh', NULL, 'Dang_kinh_doanh', '2025-01-12 09:00:00', '2025-01-12 09:00:00'),
  ('Cánh gà nướng mật ong', 4, 89000, 'Cánh gà ướp mật ong nướng vàng giòn', NULL, 'Dang_kinh_doanh', '2025-01-12 09:00:00', '2025-01-12 09:00:00'),
  ('Đùi gà nướng ngũ vị', 4, 95000, 'Đùi gà ướp ngũ vị hương nướng than', NULL, 'Dang_kinh_doanh', '2025-01-12 09:00:00', '2025-01-12 09:00:00'),
  ('Nấm tổng hợp nướng bơ', 5, 69000, 'Nấm kim châm, nấm đùi gà nướng bơ tỏi', NULL, 'Dang_kinh_doanh', '2025-01-12 09:00:00', '2025-01-12 09:00:00'),
  ('Bắp Mỹ nướng phô mai', 5, 45000, 'Bắp Mỹ nướng phủ phô mai béo ngậy', NULL, 'Dang_kinh_doanh', '2025-01-12 09:00:00', '2025-01-12 09:00:00'),
  ('Khoai lang mật nướng', 5, 39000, 'Khoai lang mật nướng than hoa', NULL, 'Dang_kinh_doanh', '2025-01-12 09:00:00', '2025-01-12 09:00:00'),
  ('Cải thảo cuộn thịt nướng', 5, 79000, 'Cải thảo cuộn thịt ba chỉ nướng', NULL, 'Dang_kinh_doanh', '2025-01-12 09:00:00', '2025-01-12 09:00:00'),
  ('Rau củ thập cẩm nướng', 5, 59000, 'Hành tây, ớt chuông, bí ngòi nướng', NULL, 'Dang_kinh_doanh', '2025-01-12 09:00:00', '2025-01-12 09:00:00'),
  ('Salad rau trộn dầu giấm', 6, 49000, 'Rau xà lách trộn sốt dầu giấm chua ngọt', NULL, 'Dang_kinh_doanh', '2025-01-12 09:00:00', '2025-01-12 09:00:00'),
  ('Kim chi cải thảo', 6, 35000, 'Kim chi cải thảo lên men chuẩn vị Hàn', NULL, 'Dang_kinh_doanh', '2025-01-12 09:00:00', '2025-01-12 09:00:00'),
  ('Đậu hũ chiên giòn', 6, 45000, 'Đậu hũ non chiên giòn chấm mắm gừng', NULL, 'Dang_kinh_doanh', '2025-01-12 09:00:00', '2025-01-12 09:00:00'),
  ('Chả giò hải sản', 6, 69000, 'Chả giò nhân hải sản chiên giòn', NULL, 'Dang_kinh_doanh', '2025-01-12 09:00:00', '2025-01-12 09:00:00'),
  ('Súp bí đỏ', 6, 39000, 'Súp bí đỏ kem béo', NULL, 'Dang_kinh_doanh', '2025-01-12 09:00:00', '2025-01-12 09:00:00'),
  ('Cơm trắng', 7, 15000, 'Cơm trắng nóng', NULL, 'Dang_kinh_doanh', '2025-01-12 09:00:00', '2025-01-12 09:00:00'),
  ('Cơm chiên trứng', 7, 45000, 'Cơm chiên trứng thơm ngon', NULL, 'Dang_kinh_doanh', '2025-01-12 09:00:00', '2025-01-12 09:00:00'),
  ('Mì Udon xào bò', 7, 79000, 'Mì Udon xào thịt bò rau củ', NULL, 'Dang_kinh_doanh', '2025-01-12 09:00:00', '2025-01-12 09:00:00'),
  ('Miến xào hải sản', 7, 89000, 'Miến xào hải sản tổng hợp', NULL, 'Dang_kinh_doanh', '2025-01-12 09:00:00', '2025-01-12 09:00:00'),
  ('Cháo trắng', 7, 25000, 'Cháo trắng ăn kèm BBQ', NULL, 'Dang_kinh_doanh', '2025-01-12 09:00:00', '2025-01-12 09:00:00'),
  ('Muối tiêu chanh', 8, 10000, 'Muối tiêu chanh chấm hải sản', NULL, 'Dang_kinh_doanh', '2025-01-12 09:00:00', '2025-01-12 09:00:00'),
  ('Tương ớt Hàn Quốc', 8, 10000, 'Tương ớt Hàn Quốc cay nồng', NULL, 'Dang_kinh_doanh', '2025-01-12 09:00:00', '2025-01-12 09:00:00'),
  ('Sốt BBQ đặc biệt', 8, 15000, 'Sốt BBQ công thức riêng của quán', NULL, 'Dang_kinh_doanh', '2025-01-12 09:00:00', '2025-01-12 09:00:00'),
  ('Sốt mè rang', 8, 15000, 'Sốt mè rang béo thơm', NULL, 'Dang_kinh_doanh', '2025-01-12 09:00:00', '2025-01-12 09:00:00'),
  ('Bia Tiger', 9, 25000, 'Bia Tiger lon 330ml', NULL, 'Dang_kinh_doanh', '2025-01-12 09:00:00', '2025-01-12 09:00:00'),
  ('Nước ngọt Coca-Cola', 9, 15000, 'Coca-Cola lon 330ml', NULL, 'Dang_kinh_doanh', '2025-01-12 09:00:00', '2025-01-12 09:00:00'),
  ('Nước suối Lavie', 9, 10000, 'Nước suối đóng chai 500ml', NULL, 'Dang_kinh_doanh', '2025-01-12 09:00:00', '2025-01-12 09:00:00'),
  ('Trà đào cam sả', 9, 35000, 'Trà đào cam sả mát lạnh', NULL, 'Dang_kinh_doanh', '2025-01-12 09:00:00', '2025-01-12 09:00:00'),
  ('Nước ép cam tươi', 9, 39000, 'Nước ép cam vắt tươi 100%', NULL, 'Dang_kinh_doanh', '2025-01-12 09:00:00', '2025-01-12 09:00:00'),
  ('Trà tắc', 9, 25000, 'Trà tắc chua ngọt giải khát', NULL, 'Dang_kinh_doanh', '2025-01-12 09:00:00', '2025-01-12 09:00:00'),
  ('Combo BBQ đôi (2 người)', 10, 399000, 'Set nướng dành cho 2 người: bò, heo, hải sản, rau, nước chấm', NULL, 'Dang_kinh_doanh', '2025-01-12 09:00:00', '2025-01-12 09:00:00'),
  ('Combo BBQ gia đình (4 người)', 10, 799000, 'Set nướng dành cho 4 người: đầy đủ bò, heo, gà, hải sản', NULL, 'Dang_kinh_doanh', '2025-01-12 09:00:00', '2025-01-12 09:00:00'),
  ('Set hải sản nướng đặc biệt', 10, 459000, 'Set hải sản tươi sống nướng thịnh soạn', NULL, 'Dang_kinh_doanh', '2025-01-12 09:00:00', '2025-01-12 09:00:00'),
  ('Kem que các vị', 11, 25000, 'Kem que nhiều vị trái cây', NULL, 'Dang_kinh_doanh', '2025-01-12 09:00:00', '2025-01-12 09:00:00'),
  ('Trái cây tươi theo mùa', 11, 45000, 'Đĩa trái cây tươi theo mùa', NULL, 'Dang_kinh_doanh', '2025-01-12 09:00:00', '2025-01-12 09:00:00'),
  ('Bánh Flan', 11, 25000, 'Bánh flan caramel mềm mịn', NULL, 'Dang_kinh_doanh', '2025-01-12 09:00:00', '2025-01-12 09:00:00');

INSERT INTO DON_VI_TINH (ten_don_vi_tinh, trang_thai, ngay_tao) VALUES
  ('Kg', 'Dang_dung', '2025-01-03 08:00:00'),
  ('Gram', 'Dang_dung', '2025-01-03 08:00:00'),
  ('Lít', 'Dang_dung', '2025-01-03 08:00:00'),
  ('Ml', 'Dang_dung', '2025-01-03 08:00:00'),
  ('Chai', 'Dang_dung', '2025-01-03 08:00:00'),
  ('Lon', 'Dang_dung', '2025-01-03 08:00:00'),
  ('Gói', 'Dang_dung', '2025-01-03 08:00:00'),
  ('Quả', 'Dang_dung', '2025-01-03 08:00:00'),
  ('Cái', 'Dang_dung', '2025-01-03 08:00:00'),
  ('Bó', 'Dang_dung', '2025-01-03 08:00:00'),
  ('Thùng', 'Dang_dung', '2025-01-03 08:00:00'),
  ('Hộp', 'Dang_dung', '2025-01-03 08:00:00');

INSERT INTO NGUYEN_LIEU (ten_nguyen_lieu, ma_don_vi_tinh, trang_thai, ngay_tao, ngay_cap_nhat) VALUES
  ('Ba chỉ bò Mỹ', 1, 'Hoat_dong', '2025-01-04 08:00:00', '2025-01-04 08:00:00'),
  ('Thăn bò Úc', 1, 'Hoat_dong', '2025-01-04 08:00:00', '2025-01-04 08:00:00'),
  ('Gầu bò', 1, 'Hoat_dong', '2025-01-04 08:00:00', '2025-01-04 08:00:00'),
  ('Lưỡi bò', 1, 'Hoat_dong', '2025-01-04 08:00:00', '2025-01-04 08:00:00'),
  ('Sườn heo', 1, 'Hoat_dong', '2025-01-04 08:00:00', '2025-01-04 08:00:00'),
  ('Ba chỉ heo', 1, 'Hoat_dong', '2025-01-04 08:00:00', '2025-01-04 08:00:00'),
  ('Nạc vai heo', 1, 'Hoat_dong', '2025-01-04 08:00:00', '2025-01-04 08:00:00'),
  ('Chân giò heo', 1, 'Hoat_dong', '2025-01-04 08:00:00', '2025-01-04 08:00:00'),
  ('Xúc xích Đức', 1, 'Hoat_dong', '2025-01-04 08:00:00', '2025-01-04 08:00:00'),
  ('Tôm sú', 1, 'Hoat_dong', '2025-01-04 08:00:00', '2025-01-04 08:00:00'),
  ('Mực ống', 1, 'Hoat_dong', '2025-01-04 08:00:00', '2025-01-04 08:00:00'),
  ('Bạch tuộc', 1, 'Hoat_dong', '2025-01-04 08:00:00', '2025-01-04 08:00:00'),
  ('Nghêu', 1, 'Hoat_dong', '2025-01-04 08:00:00', '2025-01-04 08:00:00'),
  ('Cá basa fillet', 1, 'Hoat_dong', '2025-01-04 08:00:00', '2025-01-04 08:00:00'),
  ('Gà ta nguyên con', 1, 'Hoat_dong', '2025-01-04 08:00:00', '2025-01-04 08:00:00'),
  ('Cánh gà', 1, 'Hoat_dong', '2025-01-04 08:00:00', '2025-01-04 08:00:00'),
  ('Đùi gà', 1, 'Hoat_dong', '2025-01-04 08:00:00', '2025-01-04 08:00:00'),
  ('Nấm kim châm', 1, 'Hoat_dong', '2025-01-04 08:00:00', '2025-01-04 08:00:00'),
  ('Nấm đùi gà', 1, 'Hoat_dong', '2025-01-04 08:00:00', '2025-01-04 08:00:00'),
  ('Bắp Mỹ', 8, 'Hoat_dong', '2025-01-04 08:00:00', '2025-01-04 08:00:00'),
  ('Khoai lang mật', 1, 'Hoat_dong', '2025-01-04 08:00:00', '2025-01-04 08:00:00'),
  ('Cải thảo', 1, 'Hoat_dong', '2025-01-04 08:00:00', '2025-01-04 08:00:00'),
  ('Hành tây', 1, 'Hoat_dong', '2025-01-04 08:00:00', '2025-01-04 08:00:00'),
  ('Ớt chuông', 1, 'Hoat_dong', '2025-01-04 08:00:00', '2025-01-04 08:00:00'),
  ('Rau sống thập cẩm', 1, 'Hoat_dong', '2025-01-04 08:00:00', '2025-01-04 08:00:00'),
  ('Đậu hũ', 1, 'Hoat_dong', '2025-01-04 08:00:00', '2025-01-04 08:00:00'),
  ('Tỏi băm', 1, 'Hoat_dong', '2025-01-04 08:00:00', '2025-01-04 08:00:00'),
  ('Gừng', 1, 'Hoat_dong', '2025-01-04 08:00:00', '2025-01-04 08:00:00'),
  ('Sả', 1, 'Hoat_dong', '2025-01-04 08:00:00', '2025-01-04 08:00:00'),
  ('Đường', 1, 'Hoat_dong', '2025-01-04 08:00:00', '2025-01-04 08:00:00'),
  ('Muối', 1, 'Hoat_dong', '2025-01-04 08:00:00', '2025-01-04 08:00:00'),
  ('Tương ớt Hàn Quốc', 5, 'Hoat_dong', '2025-01-04 08:00:00', '2025-01-04 08:00:00'),
  ('Sốt BBQ', 5, 'Hoat_dong', '2025-01-04 08:00:00', '2025-01-04 08:00:00'),
  ('Dầu mè', 5, 'Hoat_dong', '2025-01-04 08:00:00', '2025-01-04 08:00:00'),
  ('Gạo Nhật', 1, 'Hoat_dong', '2025-01-04 08:00:00', '2025-01-04 08:00:00'),
  ('Mì Udon', 7, 'Hoat_dong', '2025-01-04 08:00:00', '2025-01-04 08:00:00'),
  ('Kim chi cải thảo', 1, 'Hoat_dong', '2025-01-04 08:00:00', '2025-01-04 08:00:00'),
  ('Bia Tiger lon', 6, 'Hoat_dong', '2025-01-04 08:00:00', '2025-01-04 08:00:00'),
  ('Nước ngọt Coca lon', 6, 'Hoat_dong', '2025-01-04 08:00:00', '2025-01-04 08:00:00'),
  ('Nước suối chai', 5, 'Hoat_dong', '2025-01-04 08:00:00', '2025-01-04 08:00:00'),
  ('Than hoa', 1, 'Hoat_dong', '2025-01-04 08:00:00', '2025-01-04 08:00:00'),
  ('Khăn lạnh', 9, 'Hoat_dong', '2025-01-04 08:00:00', '2025-01-04 08:00:00'),
  ('Găng tay nilon', 12, 'Hoat_dong', '2025-01-04 08:00:00', '2025-01-04 08:00:00');

INSERT INTO KHO_NGUYEN_LIEU (ma_nguyen_lieu, so_luong_ton, muc_ton_toi_thieu, trang_thai_ton, ngay_cap_nhat) VALUES
  (1, 14.2, 5, 'Con_hang', '2026-07-20 07:30:00'),
  (2, 9.9, 5, 'Con_hang', '2026-07-20 07:30:00'),
  (3, 7.5, 3, 'Con_hang', '2026-07-20 07:30:00'),
  (4, 3.6, 3, 'Con_hang', '2026-07-20 07:30:00'),
  (5, 8.2, 3, 'Con_hang', '2026-07-20 07:30:00'),
  (6, 0.8, 3, 'Sap_het', '2026-07-20 07:30:00'),
  (7, 6.6, 5, 'Con_hang', '2026-07-20 07:30:00'),
  (8, 1.3, 3, 'Sap_het', '2026-07-20 07:30:00'),
  (9, 1.4, 5, 'Sap_het', '2026-07-20 07:30:00'),
  (10, 0, 3.4, 'Het_hang', '2026-07-21 18:00:00'),
  (11, 1.5, 5.9, 'Sap_het', '2026-07-21 18:00:00'),
  (12, 0, 22.8, 'Het_hang', '2026-07-21 18:00:00'),
  (13, 14.3, 8, 'Con_hang', '2026-07-20 07:30:00'),
  (14, 8.8, 3, 'Con_hang', '2026-07-20 07:30:00'),
  (15, 5.2, 3, 'Con_hang', '2026-07-20 07:30:00'),
  (16, 3, 3, 'Con_hang', '2026-07-20 07:30:00'),
  (17, 5.1, 3, 'Con_hang', '2026-07-20 07:30:00'),
  (18, 7.7, 8, 'Sap_het', '2026-07-20 07:30:00'),
  (19, 4.7, 8, 'Sap_het', '2026-07-20 07:30:00'),
  (20, 35.1, 20, 'Con_hang', '2026-07-20 07:30:00'),
  (21, 3.7, 3, 'Con_hang', '2026-07-20 07:30:00'),
  (22, 2, 17.2, 'Sap_het', '2026-07-21 18:00:00'),
  (23, 1.9, 8, 'Sap_het', '2026-07-20 07:30:00'),
  (24, 4.7, 3, 'Con_hang', '2026-07-20 07:30:00'),
  (25, 10.5, 8, 'Con_hang', '2026-07-20 07:30:00'),
  (26, 7.3, 5, 'Con_hang', '2026-07-20 07:30:00'),
  (27, 17.7, 8, 'Con_hang', '2026-07-20 07:30:00'),
  (28, 17.1, 5, 'Con_hang', '2026-07-20 07:30:00'),
  (29, 33.8, 10, 'Con_hang', '2026-07-20 07:30:00'),
  (30, 14, 5, 'Con_hang', '2026-07-20 07:30:00'),
  (31, 25.9, 10, 'Con_hang', '2026-07-20 07:30:00'),
  (32, 33.4, 15, 'Con_hang', '2026-07-20 07:30:00'),
  (33, 28.2, 15, 'Con_hang', '2026-07-20 07:30:00'),
  (34, 5.3, 10, 'Sap_het', '2026-07-20 07:30:00'),
  (35, 13.3, 8, 'Con_hang', '2026-07-20 07:30:00'),
  (36, 8.5, 15, 'Sap_het', '2026-07-20 07:30:00'),
  (37, 6.6, 5, 'Con_hang', '2026-07-20 07:30:00'),
  (38, 386, 100, 'Con_hang', '2026-07-20 07:30:00'),
  (39, 49, 100, 'Sap_het', '2026-07-20 07:30:00'),
  (40, 35.2, 20, 'Con_hang', '2026-07-20 07:30:00'),
  (41, 5.4, 5, 'Con_hang', '2026-07-20 07:30:00'),
  (42, 27.6, 15, 'Con_hang', '2026-07-20 07:30:00'),
  (43, 48.2, 20, 'Con_hang', '2026-07-20 07:30:00');

INSERT INTO NHA_CUNG_CAP (ten_nha_cung_cap, so_dien_thoai, dia_chi, ghi_chu, trang_thai, ngay_tao, ngay_cap_nhat) VALUES
  ('Công ty TNHH Thực phẩm Sài Gòn Fresh', '0281234567', '123 Nguyễn Văn Linh, Q.7, TP.HCM', 'Chuyên cung cấp thịt bò, heo nhập khẩu', 'Hoat_dong', '2025-01-02 08:00:00', '2025-01-02 08:00:00'),
  ('Công ty CP Hải sản Biển Đông', '0287654321', '45 Trần Xuân Soạn, Q.7, TP.HCM', 'Hải sản tươi sống giao hàng ngày', 'Hoat_dong', '2025-01-02 08:00:00', '2025-01-02 08:00:00'),
  ('Trang trại Gà sạch Ba Vì', '0961122334', 'Xã Vân Hòa, Ba Vì, Hà Nội (chi nhánh HCM)', 'Gà ta nuôi thả vườn', 'Hoat_dong', '2025-01-02 08:00:00', '2025-01-02 08:00:00'),
  ('Vựa Rau củ Đà Lạt Xanh', '0933445566', '88 Phan Văn Trị, Q.Gò Vấp, TP.HCM', 'Rau củ, nấm Đà Lạt', 'Hoat_dong', '2025-01-02 08:00:00', '2025-01-02 08:00:00'),
  ('Công ty TNHH Gia vị Việt', '0909887766', '56 Lê Văn Sỹ, Q.3, TP.HCM', 'Gia vị, nước chấm, sốt các loại', 'Hoat_dong', '2025-01-02 08:00:00', '2025-01-02 08:00:00'),
  ('Đại lý Nước giải khát Phú Thành', '0918223344', '12 Cách Mạng Tháng 8, Q.10, TP.HCM', 'Bia, nước ngọt, nước suối', 'Hoat_dong', '2025-01-02 08:00:00', '2025-01-02 08:00:00'),
  ('Cơ sở Than hoa Long An', '0272334455', 'Ấp 3, Bến Lức, Long An', 'Than hoa sạch không khói, khăn lạnh, vật tư', 'Hoat_dong', '2025-01-02 08:00:00', '2025-01-02 08:00:00');

INSERT INTO PHIEU_NHAP_KHO (ma_phieu_nhap, ma_nha_cung_cap, ma_nhan_vien_lap, ngay_nhap, tong_tien, ghi_chu, ngay_tao) VALUES
  (1, 4, 1, '2025-07-11 07:15:00', 2826000, 'Nhập hàng định kỳ từ Vựa Rau củ Đà Lạt Xanh', '2025-07-11 07:15:00'),
  (2, 5, 10, '2025-07-11 09:45:00', 976600, 'Nhập hàng định kỳ từ Công ty TNHH Gia vị Việt', '2025-07-11 09:45:00'),
  (3, 7, 13, '2025-07-16 08:45:00', 827200, 'Nhập hàng định kỳ từ Cơ sở Than hoa Long An', '2025-07-16 08:45:00'),
  (4, 5, 12, '2025-07-24 08:15:00', 4554000, 'Nhập hàng định kỳ từ Công ty TNHH Gia vị Việt', '2025-07-24 08:15:00'),
  (5, 1, 13, '2025-07-24 07:00:00', 19997000, 'Nhập hàng định kỳ từ Công ty TNHH Thực phẩm Sài Gòn Fresh', '2025-07-24 07:00:00'),
  (6, 3, 12, '2025-07-30 08:00:00', 4668500, 'Nhập hàng định kỳ từ Trang trại Gà sạch Ba Vì', '2025-07-30 08:00:00'),
  (7, 1, 13, '2025-07-30 07:15:00', 9111000, 'Nhập hàng định kỳ từ Công ty TNHH Thực phẩm Sài Gòn Fresh', '2025-07-30 07:15:00'),
  (8, 2, 12, '2025-08-08 09:30:00', 4994000, 'Nhập hàng định kỳ từ Công ty CP Hải sản Biển Đông', '2025-08-08 09:30:00'),
  (9, 1, 1, '2025-08-08 07:00:00', 5062000, 'Nhập hàng định kỳ từ Công ty TNHH Thực phẩm Sài Gòn Fresh', '2025-08-08 07:00:00'),
  (10, 4, 10, '2025-08-14 07:15:00', 2230800, 'Nhập hàng định kỳ từ Vựa Rau củ Đà Lạt Xanh', '2025-08-14 07:15:00'),
  (11, 1, 1, '2025-08-14 07:45:00', 11312000, 'Nhập hàng định kỳ từ Công ty TNHH Thực phẩm Sài Gòn Fresh', '2025-08-14 07:45:00'),
  (12, 2, 1, '2025-08-20 07:45:00', 6475000, 'Nhập hàng định kỳ từ Công ty CP Hải sản Biển Đông', '2025-08-20 07:45:00'),
  (13, 6, 13, '2025-08-28 08:45:00', 11821000, 'Nhập hàng định kỳ từ Đại lý Nước giải khát Phú Thành', '2025-08-28 08:45:00'),
  (14, 5, 1, '2025-09-03 09:00:00', 3122000, 'Nhập hàng định kỳ từ Công ty TNHH Gia vị Việt', '2025-09-03 09:00:00'),
  (15, 6, 13, '2025-09-03 07:00:00', 13445000, 'Nhập hàng định kỳ từ Đại lý Nước giải khát Phú Thành', '2025-09-03 07:00:00'),
  (16, 1, 12, '2025-09-13 07:45:00', 6289000, 'Nhập hàng định kỳ từ Công ty TNHH Thực phẩm Sài Gòn Fresh', '2025-09-13 07:45:00'),
  (17, 1, 1, '2025-09-18 09:00:00', 9044000, 'Nhập hàng định kỳ từ Công ty TNHH Thực phẩm Sài Gòn Fresh', '2025-09-18 09:00:00'),
  (18, 6, 11, '2025-09-25 08:30:00', 2384000, 'Nhập hàng định kỳ từ Đại lý Nước giải khát Phú Thành', '2025-09-25 08:30:00'),
  (19, 7, 13, '2025-10-03 09:00:00', 626200, 'Nhập hàng định kỳ từ Cơ sở Than hoa Long An', '2025-10-03 09:00:00'),
  (20, 3, 13, '2025-10-07 09:30:00', 5236000, 'Nhập hàng định kỳ từ Trang trại Gà sạch Ba Vì', '2025-10-07 09:30:00'),
  (21, 3, 1, '2025-10-18 07:45:00', 3822000, 'Nhập hàng định kỳ từ Trang trại Gà sạch Ba Vì', '2025-10-18 07:45:00'),
  (22, 1, 12, '2025-10-24 07:15:00', 10294000, 'Nhập hàng định kỳ từ Công ty TNHH Thực phẩm Sài Gòn Fresh', '2025-10-24 07:15:00'),
  (23, 3, 13, '2025-10-24 07:15:00', 4775500, 'Nhập hàng định kỳ từ Trang trại Gà sạch Ba Vì', '2025-10-24 07:15:00'),
  (24, 3, 11, '2025-10-28 07:45:00', 5327000, 'Nhập hàng định kỳ từ Trang trại Gà sạch Ba Vì', '2025-10-28 07:45:00'),
  (25, 3, 10, '2025-11-08 08:00:00', 3971500, 'Nhập hàng định kỳ từ Trang trại Gà sạch Ba Vì', '2025-11-08 08:00:00'),
  (26, 1, 11, '2025-11-08 08:45:00', 4678000, 'Nhập hàng định kỳ từ Công ty TNHH Thực phẩm Sài Gòn Fresh', '2025-11-08 08:45:00'),
  (27, 4, 10, '2025-11-11 09:30:00', 772500, 'Nhập hàng định kỳ từ Vựa Rau củ Đà Lạt Xanh', '2025-11-11 09:30:00'),
  (28, 7, 13, '2025-11-19 09:00:00', 741800, 'Nhập hàng định kỳ từ Cơ sở Than hoa Long An', '2025-11-19 09:00:00'),
  (29, 4, 11, '2025-11-29 07:45:00', 2708500, 'Nhập hàng định kỳ từ Vựa Rau củ Đà Lạt Xanh', '2025-11-29 07:45:00'),
  (30, 4, 11, '2025-12-06 07:00:00', 2060500, 'Nhập hàng định kỳ từ Vựa Rau củ Đà Lạt Xanh', '2025-12-06 07:00:00'),
  (31, 3, 1, '2025-12-06 08:30:00', 3249500, 'Nhập hàng định kỳ từ Trang trại Gà sạch Ba Vì', '2025-12-06 08:30:00'),
  (32, 1, 10, '2025-12-11 08:00:00', 6399000, 'Nhập hàng định kỳ từ Công ty TNHH Thực phẩm Sài Gòn Fresh', '2025-12-11 08:00:00'),
  (33, 2, 13, '2025-12-11 07:45:00', 7521000, 'Nhập hàng định kỳ từ Công ty CP Hải sản Biển Đông', '2025-12-11 07:45:00'),
  (34, 5, 1, '2025-12-20 09:30:00', 3932300, 'Nhập hàng định kỳ từ Công ty TNHH Gia vị Việt', '2025-12-20 09:30:00'),
  (35, 2, 1, '2025-12-25 07:00:00', 12497000, 'Nhập hàng định kỳ từ Công ty CP Hải sản Biển Đông', '2025-12-25 07:00:00'),
  (36, 4, 13, '2025-12-25 07:15:00', 1173000, 'Nhập hàng định kỳ từ Vựa Rau củ Đà Lạt Xanh', '2025-12-25 07:15:00'),
  (37, 2, 13, '2026-01-02 07:30:00', 13409000, 'Nhập hàng định kỳ từ Công ty CP Hải sản Biển Đông', '2026-01-02 07:30:00'),
  (38, 4, 11, '2026-01-02 09:00:00', 1203500, 'Nhập hàng định kỳ từ Vựa Rau củ Đà Lạt Xanh', '2026-01-02 09:00:00');

INSERT INTO CHI_TIET_NHAP_KHO (ma_phieu_nhap, ma_nguyen_lieu, so_luong_nhap, don_gia_nhap, thanh_tien, ghi_chu) VALUES
  (1, 25, 16.2, 30000, 486000, NULL),
  (1, 29, 8.5, 20000, 170000, NULL),
  (1, 20, 98, 8000, 784000, NULL),
  (1, 19, 25.2, 55000, 1386000, NULL),
  (2, 31, 18.2, 8000, 145600, NULL),
  (2, 27, 6.5, 60000, 390000, NULL),
  (2, 35, 9.8, 45000, 441000, NULL),
  (3, 41, 17.5, 18000, 315000, NULL),
  (3, 43, 7, 35000, 245000, NULL),
  (3, 42, 334, 800, 267200, NULL),
  (4, 33, 34, 55000, 1870000, NULL),
  (4, 27, 7.7, 60000, 462000, NULL),
  (4, 36, 26, 25000, 650000, NULL),
  (4, 37, 26.2, 60000, 1572000, NULL),
  (5, 1, 16.7, 320000, 5344000, NULL),
  (5, 4, 29.5, 250000, 7375000, NULL),
  (5, 2, 14.9, 420000, 6258000, NULL),
  (5, 9, 6.8, 150000, 1020000, NULL),
  (6, 15, 22.7, 120000, 2724000, NULL),
  (6, 17, 5.3, 85000, 450500, NULL),
  (6, 16, 16.6, 90000, 1494000, NULL),
  (7, 9, 24.2, 150000, 3630000, NULL),
  (7, 4, 15.5, 250000, 3875000, NULL),
  (7, 6, 14.6, 110000, 1606000, NULL),
  (8, 11, 14.9, 220000, 3278000, NULL),
  (8, 14, 26.4, 65000, 1716000, NULL),
  (9, 4, 11.5, 250000, 2875000, NULL),
  (9, 8, 24.3, 90000, 2187000, NULL),
  (10, 28, 14.3, 35000, 500500, NULL),
  (10, 21, 16.3, 25000, 407500, NULL),
  (10, 18, 29, 35000, 1015000, NULL),
  (10, 23, 17.1, 18000, 307800, NULL),
  (11, 3, 27.7, 280000, 7756000, NULL),
  (11, 5, 25.4, 140000, 3556000, NULL),
  (12, 14, 6.2, 65000, 403000, NULL),
  (12, 10, 7.7, 280000, 2156000, NULL),
  (12, 11, 17.8, 220000, 3916000, NULL),
  (13, 39, 937, 8000, 7496000, NULL),
  (13, 40, 12, 4000, 48000, NULL),
  (13, 38, 329, 13000, 4277000, NULL),
  (14, 32, 10, 65000, 650000, NULL),
  (14, 37, 6.7, 60000, 402000, NULL),
  (14, 34, 23, 90000, 2070000, NULL),
  (15, 38, 577, 13000, 7501000, NULL),
  (15, 39, 743, 8000, 5944000, NULL),
  (16, 9, 5.9, 150000, 885000, NULL),
  (16, 3, 5.4, 280000, 1512000, NULL),
  (16, 5, 27.8, 140000, 3892000, NULL),
  (17, 2, 8.4, 420000, 3528000, NULL),
  (17, 5, 6.8, 140000, 952000, NULL),
  (17, 3, 16.3, 280000, 4564000, NULL),
  (18, 40, 38, 4000, 152000, NULL),
  (18, 39, 279, 8000, 2232000, NULL),
  (19, 43, 5, 35000, 175000, NULL),
  (19, 42, 411, 800, 328800, NULL),
  (19, 41, 6.8, 18000, 122400, NULL),
  (20, 17, 16.6, 85000, 1411000, NULL),
  (20, 16, 18.5, 90000, 1665000, NULL),
  (20, 15, 18, 120000, 2160000, NULL),
  (21, 15, 17.4, 120000, 2088000, NULL),
  (21, 17, 20.4, 85000, 1734000, NULL),
  (22, 3, 17.5, 280000, 4900000, NULL),
  (22, 6, 11, 110000, 1210000, NULL),
  (22, 8, 15.1, 90000, 1359000, NULL),
  (22, 4, 11.3, 250000, 2825000, NULL),
  (23, 15, 8.4, 120000, 1008000, NULL),
  (23, 16, 17.4, 90000, 1566000, NULL),
  (23, 17, 25.9, 85000, 2201500, NULL),
  (24, 16, 14.6, 90000, 1314000, NULL),
  (24, 15, 18, 120000, 2160000, NULL),
  (24, 17, 21.8, 85000, 1853000, NULL),
  (25, 17, 12.7, 85000, 1079500, NULL),
  (25, 16, 24.8, 90000, 2232000, NULL),
  (25, 15, 5.5, 120000, 660000, NULL),
  (26, 1, 10.9, 320000, 3488000, NULL),
  (26, 5, 8.5, 140000, 1190000, NULL),
  (27, 28, 10, 35000, 350000, NULL),
  (27, 21, 16.9, 25000, 422500, NULL),
  (28, 41, 24.5, 18000, 441000, NULL),
  (28, 42, 376, 800, 300800, NULL),
  (29, 24, 9.9, 45000, 445500, NULL),
  (29, 20, 143, 8000, 1144000, NULL),
  (29, 25, 27.7, 30000, 831000, NULL),
  (29, 26, 14.4, 20000, 288000, NULL),
  (30, 21, 29.5, 25000, 737500, NULL),
  (30, 24, 29.4, 45000, 1323000, NULL),
  (31, 15, 5.9, 120000, 708000, NULL),
  (31, 16, 13.6, 90000, 1224000, NULL),
  (31, 17, 15.5, 85000, 1317500, NULL),
  (32, 9, 22.2, 150000, 3330000, NULL),
  (32, 6, 27.9, 110000, 3069000, NULL),
  (33, 14, 16, 65000, 1040000, NULL),
  (33, 10, 19, 280000, 5320000, NULL),
  (33, 13, 25.8, 45000, 1161000, NULL),
  (34, 35, 26.3, 45000, 1183500, NULL),
  (34, 32, 40, 65000, 2600000, NULL),
  (34, 31, 18.6, 8000, 148800, NULL),
  (35, 13, 17.9, 45000, 805500, NULL),
  (35, 10, 15, 280000, 4200000, NULL),
  (35, 12, 25, 250000, 6250000, NULL),
  (35, 14, 19.1, 65000, 1241500, NULL),
  (36, 26, 15.3, 20000, 306000, NULL),
  (36, 25, 28.9, 30000, 867000, NULL),
  (37, 13, 9.8, 45000, 441000, NULL),
  (37, 12, 20.4, 250000, 5100000, NULL),
  (37, 10, 28.1, 280000, 7868000, NULL),
  (38, 21, 10.7, 25000, 267500, NULL),
  (38, 20, 117, 8000, 936000, NULL);

INSERT INTO PHIEU_XUAT_KHO (ma_phieu_xuat, ma_nhan_vien_lap, ngay_xuat, ly_do_xuat, trang_thai, ghi_chu, ngay_tao) VALUES
  (1, 10, '2025-07-13 10:00:00', 'Khac', 'Da_hoan_thanh', 'Xuất cho nhân viên liên hoan nội bộ', '2025-07-13 10:00:00'),
  (2, 12, '2025-11-27 10:00:00', 'Dieu_chinh', 'Da_hoan_thanh', 'Điều chỉnh sau kiểm kê định kỳ', '2025-11-27 10:00:00'),
  (3, 13, '2025-12-30 10:00:00', 'Dieu_chinh', 'Da_hoan_thanh', 'Điều chỉnh sau kiểm kê định kỳ', '2025-12-30 10:00:00'),
  (4, 11, '2025-12-19 15:00:00', 'Khac', 'Da_hoan_thanh', 'Xuất dùng thử món mới', '2025-12-19 15:00:00'),
  (5, 12, '2025-08-24 21:00:00', 'Khac', 'Da_hoan_thanh', 'Xuất dùng thử món mới', '2025-08-24 21:00:00'),
  (6, 11, '2025-08-20 15:00:00', 'Hu_hong', 'Da_hoan_thanh', 'Nguyên liệu hết hạn sử dụng', '2025-08-20 15:00:00'),
  (7, 10, '2025-12-16 15:00:00', 'Khac', 'Da_hoan_thanh', 'Xuất cho nhân viên liên hoan nội bộ', '2025-12-16 15:00:00'),
  (8, 13, '2025-10-24 15:00:00', 'Khac', 'Da_hoan_thanh', 'Xuất dùng thử món mới', '2025-10-24 15:00:00'),
  (9, 11, '2025-12-04 15:00:00', 'Dieu_chinh', 'Da_hoan_thanh', 'Điều chỉnh sau kiểm kê định kỳ', '2025-12-04 15:00:00'),
  (10, 13, '2025-12-23 21:00:00', 'Dieu_chinh', 'Da_hoan_thanh', 'Điều chỉnh sau kiểm kê định kỳ', '2025-12-23 21:00:00');

INSERT INTO CHI_TIET_XUAT_KHO (ma_phieu_xuat, ma_nguyen_lieu, so_luong_xuat, ghi_chu) VALUES
  (1, 25, 1.7, 'Xuất cho nhân viên liên hoan nội bộ'),
  (2, 40, 8, 'Điều chỉnh sau kiểm kê định kỳ'),
  (3, 41, 1.3, 'Điều chỉnh sau kiểm kê định kỳ'),
  (3, 28, 0.5, 'Điều chỉnh sau kiểm kê định kỳ'),
  (4, 24, 2.4, 'Xuất dùng thử món mới'),
  (4, 37, 1.3, 'Xuất dùng thử món mới'),
  (5, 12, 2.2, 'Xuất dùng thử món mới'),
  (6, 21, 0.8, 'Nguyên liệu hết hạn sử dụng'),
  (6, 34, 2, 'Nguyên liệu hết hạn sử dụng'),
  (7, 18, 1.2, 'Xuất cho nhân viên liên hoan nội bộ'),
  (7, 38, 6, 'Xuất cho nhân viên liên hoan nội bộ'),
  (8, 10, 0.6, 'Xuất dùng thử món mới'),
  (9, 38, 7, 'Điều chỉnh sau kiểm kê định kỳ'),
  (9, 7, 0.8, 'Điều chỉnh sau kiểm kê định kỳ'),
  (10, 15, 2.2, 'Điều chỉnh sau kiểm kê định kỳ');

INSERT INTO DINH_MUC_NGUYEN_LIEU (ma_mon_an, ma_nguyen_lieu, so_luong_su_dung, ghi_chu, trang_thai, ngay_tao, ngay_cap_nhat) VALUES
  (1, 1, 0.25, NULL, 'Hoat_dong', '2025-01-15 09:00:00', '2025-01-15 09:00:00'),
  (1, 27, 0.01, NULL, 'Hoat_dong', '2025-01-15 09:00:00', '2025-01-15 09:00:00'),
  (1, 33, 0.03, NULL, 'Hoat_dong', '2025-01-15 09:00:00', '2025-01-15 09:00:00'),
  (2, 2, 0.3, NULL, 'Hoat_dong', '2025-01-15 09:00:00', '2025-01-15 09:00:00'),
  (2, 27, 0.01, NULL, 'Hoat_dong', '2025-01-15 09:00:00', '2025-01-15 09:00:00'),
  (2, 34, 0.02, NULL, 'Hoat_dong', '2025-01-15 09:00:00', '2025-01-15 09:00:00'),
  (3, 1, 0.15, NULL, 'Hoat_dong', '2025-01-15 09:00:00', '2025-01-15 09:00:00'),
  (3, 18, 0.1, NULL, 'Hoat_dong', '2025-01-15 09:00:00', '2025-01-15 09:00:00'),
  (3, 23, 0.03, NULL, 'Hoat_dong', '2025-01-15 09:00:00', '2025-01-15 09:00:00'),
  (4, 4, 0.25, NULL, 'Hoat_dong', '2025-01-15 09:00:00', '2025-01-15 09:00:00'),
  (4, 29, 0.02, NULL, 'Hoat_dong', '2025-01-15 09:00:00', '2025-01-15 09:00:00'),
  (4, 27, 0.01, NULL, 'Hoat_dong', '2025-01-15 09:00:00', '2025-01-15 09:00:00'),
  (5, 3, 0.25, NULL, 'Hoat_dong', '2025-01-15 09:00:00', '2025-01-15 09:00:00'),
  (5, 27, 0.01, NULL, 'Hoat_dong', '2025-01-15 09:00:00', '2025-01-15 09:00:00'),
  (5, 33, 0.03, NULL, 'Hoat_dong', '2025-01-15 09:00:00', '2025-01-15 09:00:00'),
  (6, 5, 0.3, NULL, 'Hoat_dong', '2025-01-15 09:00:00', '2025-01-15 09:00:00'),
  (6, 30, 0.02, NULL, 'Hoat_dong', '2025-01-15 09:00:00', '2025-01-15 09:00:00'),
  (6, 27, 0.01, NULL, 'Hoat_dong', '2025-01-15 09:00:00', '2025-01-15 09:00:00'),
  (7, 6, 0.25, NULL, 'Hoat_dong', '2025-01-15 09:00:00', '2025-01-15 09:00:00'),
  (7, 27, 0.01, NULL, 'Hoat_dong', '2025-01-15 09:00:00', '2025-01-15 09:00:00'),
  (7, 29, 0.01, NULL, 'Hoat_dong', '2025-01-15 09:00:00', '2025-01-15 09:00:00'),
  (8, 7, 0.25, NULL, 'Hoat_dong', '2025-01-15 09:00:00', '2025-01-15 09:00:00'),
  (8, 29, 0.02, NULL, 'Hoat_dong', '2025-01-15 09:00:00', '2025-01-15 09:00:00'),
  (8, 27, 0.01, NULL, 'Hoat_dong', '2025-01-15 09:00:00', '2025-01-15 09:00:00'),
  (9, 8, 0.35, NULL, 'Hoat_dong', '2025-01-15 09:00:00', '2025-01-15 09:00:00'),
  (9, 27, 0.01, NULL, 'Hoat_dong', '2025-01-15 09:00:00', '2025-01-15 09:00:00'),
  (9, 30, 0.01, NULL, 'Hoat_dong', '2025-01-15 09:00:00', '2025-01-15 09:00:00'),
  (10, 9, 0.2, NULL, 'Hoat_dong', '2025-01-15 09:00:00', '2025-01-15 09:00:00'),
  (11, 10, 0.25, NULL, 'Hoat_dong', '2025-01-15 09:00:00', '2025-01-15 09:00:00'),
  (11, 31, 0.01, NULL, 'Hoat_dong', '2025-01-15 09:00:00', '2025-01-15 09:00:00'),
  (11, 27, 0.005, NULL, 'Hoat_dong', '2025-01-15 09:00:00', '2025-01-15 09:00:00'),
  (12, 11, 0.25, NULL, 'Hoat_dong', '2025-01-15 09:00:00', '2025-01-15 09:00:00'),
  (12, 33, 0.02, NULL, 'Hoat_dong', '2025-01-15 09:00:00', '2025-01-15 09:00:00'),
  (12, 27, 0.01, NULL, 'Hoat_dong', '2025-01-15 09:00:00', '2025-01-15 09:00:00'),
  (13, 12, 0.25, NULL, 'Hoat_dong', '2025-01-15 09:00:00', '2025-01-15 09:00:00'),
  (13, 32, 0.03, NULL, 'Hoat_dong', '2025-01-15 09:00:00', '2025-01-15 09:00:00'),
  (14, 13, 0.4, NULL, 'Hoat_dong', '2025-01-15 09:00:00', '2025-01-15 09:00:00'),
  (14, 29, 0.02, NULL, 'Hoat_dong', '2025-01-15 09:00:00', '2025-01-15 09:00:00'),
  (14, 27, 0.015, NULL, 'Hoat_dong', '2025-01-15 09:00:00', '2025-01-15 09:00:00'),
  (15, 14, 0.25, NULL, 'Hoat_dong', '2025-01-15 09:00:00', '2025-01-15 09:00:00'),
  (15, 29, 0.01, NULL, 'Hoat_dong', '2025-01-15 09:00:00', '2025-01-15 09:00:00'),
  (15, 27, 0.01, NULL, 'Hoat_dong', '2025-01-15 09:00:00', '2025-01-15 09:00:00'),
  (16, 15, 0.6, NULL, 'Hoat_dong', '2025-01-15 09:00:00', '2025-01-15 09:00:00'),
  (16, 29, 0.02, NULL, 'Hoat_dong', '2025-01-15 09:00:00', '2025-01-15 09:00:00'),
  (16, 27, 0.015, NULL, 'Hoat_dong', '2025-01-15 09:00:00', '2025-01-15 09:00:00'),
  (17, 16, 0.3, NULL, 'Hoat_dong', '2025-01-15 09:00:00', '2025-01-15 09:00:00'),
  (17, 30, 0.015, NULL, 'Hoat_dong', '2025-01-15 09:00:00', '2025-01-15 09:00:00'),
  (17, 27, 0.01, NULL, 'Hoat_dong', '2025-01-15 09:00:00', '2025-01-15 09:00:00'),
  (18, 17, 0.3, NULL, 'Hoat_dong', '2025-01-15 09:00:00', '2025-01-15 09:00:00'),
  (18, 27, 0.01, NULL, 'Hoat_dong', '2025-01-15 09:00:00', '2025-01-15 09:00:00'),
  (19, 18, 0.1, NULL, 'Hoat_dong', '2025-01-15 09:00:00', '2025-01-15 09:00:00'),
  (19, 19, 0.1, NULL, 'Hoat_dong', '2025-01-15 09:00:00', '2025-01-15 09:00:00'),
  (19, 27, 0.01, NULL, 'Hoat_dong', '2025-01-15 09:00:00', '2025-01-15 09:00:00'),
  (20, 20, 1, NULL, 'Hoat_dong', '2025-01-15 09:00:00', '2025-01-15 09:00:00'),
  (21, 21, 0.25, NULL, 'Hoat_dong', '2025-01-15 09:00:00', '2025-01-15 09:00:00'),
  (22, 22, 0.15, NULL, 'Hoat_dong', '2025-01-15 09:00:00', '2025-01-15 09:00:00'),
  (22, 6, 0.1, NULL, 'Hoat_dong', '2025-01-15 09:00:00', '2025-01-15 09:00:00'),
  (23, 23, 0.08, NULL, 'Hoat_dong', '2025-01-15 09:00:00', '2025-01-15 09:00:00'),
  (23, 24, 0.08, NULL, 'Hoat_dong', '2025-01-15 09:00:00', '2025-01-15 09:00:00'),
  (23, 19, 0.05, NULL, 'Hoat_dong', '2025-01-15 09:00:00', '2025-01-15 09:00:00'),
  (24, 25, 0.15, NULL, 'Hoat_dong', '2025-01-15 09:00:00', '2025-01-15 09:00:00'),
  (24, 34, 0.01, NULL, 'Hoat_dong', '2025-01-15 09:00:00', '2025-01-15 09:00:00'),
  (25, 37, 0.15, NULL, 'Hoat_dong', '2025-01-15 09:00:00', '2025-01-15 09:00:00'),
  (26, 26, 0.2, NULL, 'Hoat_dong', '2025-01-15 09:00:00', '2025-01-15 09:00:00'),
  (27, 10, 0.08, NULL, 'Hoat_dong', '2025-01-15 09:00:00', '2025-01-15 09:00:00'),
  (27, 11, 0.08, NULL, 'Hoat_dong', '2025-01-15 09:00:00', '2025-01-15 09:00:00'),
  (29, 35, 0.15, NULL, 'Hoat_dong', '2025-01-15 09:00:00', '2025-01-15 09:00:00'),
  (30, 35, 0.2, NULL, 'Hoat_dong', '2025-01-15 09:00:00', '2025-01-15 09:00:00'),
  (31, 36, 1, NULL, 'Hoat_dong', '2025-01-15 09:00:00', '2025-01-15 09:00:00'),
  (31, 1, 0.1, NULL, 'Hoat_dong', '2025-01-15 09:00:00', '2025-01-15 09:00:00'),
  (32, 10, 0.06, NULL, 'Hoat_dong', '2025-01-15 09:00:00', '2025-01-15 09:00:00'),
  (32, 11, 0.06, NULL, 'Hoat_dong', '2025-01-15 09:00:00', '2025-01-15 09:00:00'),
  (33, 35, 0.1, NULL, 'Hoat_dong', '2025-01-15 09:00:00', '2025-01-15 09:00:00'),
  (34, 31, 0.02, NULL, 'Hoat_dong', '2025-01-15 09:00:00', '2025-01-15 09:00:00'),
  (35, 32, 0.05, NULL, 'Hoat_dong', '2025-01-15 09:00:00', '2025-01-15 09:00:00'),
  (36, 33, 0.05, NULL, 'Hoat_dong', '2025-01-15 09:00:00', '2025-01-15 09:00:00'),
  (37, 34, 0.03, NULL, 'Hoat_dong', '2025-01-15 09:00:00', '2025-01-15 09:00:00'),
  (38, 38, 1, NULL, 'Hoat_dong', '2025-01-15 09:00:00', '2025-01-15 09:00:00'),
  (39, 39, 1, NULL, 'Hoat_dong', '2025-01-15 09:00:00', '2025-01-15 09:00:00'),
  (40, 40, 1, NULL, 'Hoat_dong', '2025-01-15 09:00:00', '2025-01-15 09:00:00'),
  (41, 29, 0.01, NULL, 'Hoat_dong', '2025-01-15 09:00:00', '2025-01-15 09:00:00'),
  (41, 30, 0.02, NULL, 'Hoat_dong', '2025-01-15 09:00:00', '2025-01-15 09:00:00'),
  (43, 30, 0.02, NULL, 'Hoat_dong', '2025-01-15 09:00:00', '2025-01-15 09:00:00'),
  (44, 1, 0.15, NULL, 'Hoat_dong', '2025-01-15 09:00:00', '2025-01-15 09:00:00'),
  (44, 6, 0.15, NULL, 'Hoat_dong', '2025-01-15 09:00:00', '2025-01-15 09:00:00'),
  (44, 10, 0.1, NULL, 'Hoat_dong', '2025-01-15 09:00:00', '2025-01-15 09:00:00'),
  (44, 11, 0.1, NULL, 'Hoat_dong', '2025-01-15 09:00:00', '2025-01-15 09:00:00'),
  (44, 25, 0.1, NULL, 'Hoat_dong', '2025-01-15 09:00:00', '2025-01-15 09:00:00'),
  (45, 1, 0.3, NULL, 'Hoat_dong', '2025-01-15 09:00:00', '2025-01-15 09:00:00'),
  (45, 6, 0.3, NULL, 'Hoat_dong', '2025-01-15 09:00:00', '2025-01-15 09:00:00'),
  (45, 17, 0.3, NULL, 'Hoat_dong', '2025-01-15 09:00:00', '2025-01-15 09:00:00'),
  (45, 10, 0.2, NULL, 'Hoat_dong', '2025-01-15 09:00:00', '2025-01-15 09:00:00'),
  (45, 11, 0.2, NULL, 'Hoat_dong', '2025-01-15 09:00:00', '2025-01-15 09:00:00'),
  (46, 10, 0.2, NULL, 'Hoat_dong', '2025-01-15 09:00:00', '2025-01-15 09:00:00'),
  (46, 11, 0.2, NULL, 'Hoat_dong', '2025-01-15 09:00:00', '2025-01-15 09:00:00'),
  (46, 12, 0.15, NULL, 'Hoat_dong', '2025-01-15 09:00:00', '2025-01-15 09:00:00'),
  (46, 13, 0.2, NULL, 'Hoat_dong', '2025-01-15 09:00:00', '2025-01-15 09:00:00'),
  (46, 14, 0.15, NULL, 'Hoat_dong', '2025-01-15 09:00:00', '2025-01-15 09:00:00');

INSERT INTO KHU_VUC (ten_khu_vuc, mo_ta, trang_thai) VALUES
  ('Tầng 1', 'Khu vực chính tầng trệt, gần quầy nướng trung tâm', 'Dang_dung'),
  ('Tầng 2', 'Khu vực tầng lầu, không gian yên tĩnh', 'Dang_dung'),
  ('Sân vườn', 'Khu vực ngoài trời, có mái che', 'Dang_dung'),
  ('Phòng VIP', 'Phòng riêng cho nhóm khách/tiệc công ty', 'Dang_dung');

INSERT INTO BAN (ten_ban, ma_khu_vuc, so_ghe, qr_code_dinh_danh, phien_token_hien_tai, trang_thai, ghi_chu, ngay_tao, ngay_cap_nhat) VALUES
  ('B01', 1, 4, 'QR-B01-2501', NULL, 'Trong', NULL, '2025-01-01 07:00:00', '2025-01-01 07:00:00'),
  ('B02', 1, 6, 'QR-B02-2695', NULL, 'Trong', NULL, '2025-01-01 07:00:00', '2025-01-01 07:00:00'),
  ('B03', 1, 4, 'QR-B03-9666', NULL, 'Trong', NULL, '2025-01-01 07:00:00', '2025-01-01 07:00:00'),
  ('B04', 1, 6, 'QR-B04-3780', NULL, 'Trong', NULL, '2025-01-01 07:00:00', '2025-01-01 07:00:00'),
  ('B05', 1, 4, 'QR-B05-9907', NULL, 'Trong', NULL, '2025-01-01 07:00:00', '2025-01-01 07:00:00'),
  ('B06', 1, 6, 'QR-B06-4909', NULL, 'Trong', NULL, '2025-01-01 07:00:00', '2025-01-01 07:00:00'),
  ('B07', 1, 4, 'QR-B07-5146', NULL, 'Trong', NULL, '2025-01-01 07:00:00', '2025-01-01 07:00:00'),
  ('B08', 1, 4, 'QR-B08-2638', NULL, 'Trong', NULL, '2025-01-01 07:00:00', '2025-01-01 07:00:00'),
  ('B09', 2, 4, 'QR-B09-7909', NULL, 'Trong', NULL, '2025-01-01 07:00:00', '2025-01-01 07:00:00'),
  ('B10', 2, 6, 'QR-B10-3702', NULL, 'Trong', NULL, '2025-01-01 07:00:00', '2025-01-01 07:00:00'),
  ('B11', 2, 6, 'QR-B11-1192', NULL, 'Trong', NULL, '2025-01-01 07:00:00', '2025-01-01 07:00:00'),
  ('B12', 2, 4, 'QR-B12-8285', NULL, 'Trong', NULL, '2025-01-01 07:00:00', '2025-01-01 07:00:00'),
  ('B13', 2, 4, 'QR-B13-6616', NULL, 'Trong', NULL, '2025-01-01 07:00:00', '2025-01-01 07:00:00'),
  ('B14', 2, 4, 'QR-B14-7790', NULL, 'Trong', NULL, '2025-01-01 07:00:00', '2025-01-01 07:00:00'),
  ('S01', 3, 6, 'QR-S01-3704', NULL, 'Trong', NULL, '2025-01-01 07:00:00', '2025-01-01 07:00:00'),
  ('S02', 3, 6, 'QR-S02-7760', NULL, 'Trong', NULL, '2025-01-01 07:00:00', '2025-01-01 07:00:00'),
  ('S03', 3, 4, 'QR-S03-2139', NULL, 'Trong', NULL, '2025-01-01 07:00:00', '2025-01-01 07:00:00'),
  ('S04', 3, 6, 'QR-S04-4906', NULL, 'Trong', NULL, '2025-01-01 07:00:00', '2025-01-01 07:00:00'),
  ('V01', 4, 10, 'QR-V01-9942', NULL, 'Trong', NULL, '2025-01-01 07:00:00', '2025-01-01 07:00:00'),
  ('V02', 4, 8, 'QR-V02-5837', NULL, 'Trong', NULL, '2025-01-01 07:00:00', '2025-01-01 07:00:00');

INSERT INTO DAT_BAN (ma_ban, ma_nhan_vien_tiep_nhan, ho_ten_khach, so_dien_thoai, so_luong_khach, thoi_gian_den, ghi_chu, trang_thai, nguon_dat, ngay_tao, ngay_cap_nhat) VALUES
  (NULL, NULL, 'Nguyễn Thị Thu', '0973025717', 2, '2026-07-05 20:00:00', NULL, 'Cho_xac_nhan', 'Website', '2026-07-04 08:00:00', '2026-07-05 20:00:00'),
  (17, 4, 'Hoàng Thị Yến', '0929783856', 2, '2026-07-02 12:15:00', 'Sinh nhật, cần trang trí nhẹ', 'Da_su_dung', 'Nhan_vien', '2026-07-01 21:15:00', '2026-07-02 10:15:00'),
  (20, 2, 'Lê Thị Ngọc', '0925857582', 2, '2026-07-11 12:15:00', NULL, 'Da_xac_nhan', 'Website', '2026-07-10 21:15:00', '2026-07-11 10:15:00'),
  (1, 3, 'Vũ Thị Hoa', '0965879909', 2, '2026-07-06 17:15:00', NULL, 'Da_xac_nhan', 'Website', '2026-07-05 06:15:00', '2026-07-06 16:15:00'),
  (16, 8, 'Vũ Thị Hoa', '0937882473', 8, '2026-07-12 12:30:00', NULL, 'Da_su_dung', 'Nhan_vien', '2026-07-11 18:30:00', '2026-07-12 11:30:00'),
  (NULL, 6, 'Đặng Văn Quang', '0954874727', 8, '2026-07-21 20:30:00', 'Khách yêu cầu bàn gần cửa sổ', 'Khong_den', 'Website', '2026-07-21 07:30:00', '2026-07-21 18:30:00'),
  (13, 6, 'Gia đình - Cô Tuyết', '0949605022', 2, '2026-07-07 11:30:00', 'Khách yêu cầu bàn gần cửa sổ', 'Da_su_dung', 'Website', '2026-07-06 14:30:00', '2026-07-07 09:30:00'),
  (9, 6, 'Vũ Thị Hoa', '0925300145', 10, '2026-07-11 18:45:00', NULL, 'Da_su_dung', 'Website', '2026-07-10 00:45:00', '2026-07-11 18:45:00'),
  (12, 9, 'Vũ Thị Hoa', '0936992018', 6, '2026-07-05 18:00:00', 'Có trẻ em, cần ghế ăn dặm', 'Da_su_dung', 'Website', '2026-07-04 09:00:00', '2026-07-05 16:00:00'),
  (NULL, 5, 'Trần Văn Hải', '0925035056', 10, '2026-07-20 20:45:00', 'Khách yêu cầu bàn gần cửa sổ', 'Khong_den', 'Website', '2026-07-19 11:45:00', '2026-07-20 19:45:00'),
  (5, 5, 'Trương Văn Dũng', '0941868590', 2, '2026-07-13 19:30:00', NULL, 'Da_su_dung', 'Website', '2026-07-12 05:30:00', '2026-07-13 17:30:00'),
  (8, 3, 'Trần Văn Hải', '0992403091', 4, '2026-07-10 20:15:00', 'Có trẻ em, cần ghế ăn dặm', 'Da_su_dung', 'Website', '2026-07-10 06:15:00', '2026-07-10 18:15:00'),
  (7, 2, 'Mai Thị Linh', '0951403296', 10, '2026-07-05 17:00:00', 'Khách yêu cầu bàn gần cửa sổ', 'Da_su_dung', 'Website', '2026-07-03 19:00:00', '2026-07-05 16:00:00'),
  (7, 9, 'Đỗ Văn Khoa', '0915638162', 2, '2026-07-14 12:15:00', 'Sinh nhật, cần trang trí nhẹ', 'Da_xac_nhan', 'Nhan_vien', '2026-07-12 13:15:00', '2026-07-14 11:15:00'),
  (9, 9, 'Gia đình - Cô Tuyết', '0988825360', 4, '2026-07-02 11:45:00', 'Có trẻ em, cần ghế ăn dặm', 'Da_su_dung', 'Website', '2026-07-01 21:45:00', '2026-07-02 10:45:00'),
  (12, 2, 'Trương Văn Dũng', '0938261533', 8, '2026-07-15 18:15:00', 'Khách yêu cầu bàn gần cửa sổ', 'Da_xac_nhan', 'Website', '2026-07-13 20:15:00', '2026-07-15 17:15:00'),
  (NULL, 4, 'Phạm Văn Long', '0938991622', 2, '2026-07-20 20:45:00', 'Khách yêu cầu bàn gần cửa sổ', 'Da_huy', 'Website', '2026-07-19 00:45:00', '2026-07-20 20:45:00'),
  (9, 5, 'Đinh Văn Phong', '0914529235', 2, '2026-07-05 17:45:00', 'Sinh nhật, cần trang trí nhẹ', 'Da_su_dung', 'Website', '2026-07-04 22:45:00', '2026-07-05 16:45:00'),
  (4, 2, 'Đặng Văn Quang', '0943023852', 4, '2026-07-08 12:15:00', 'Có trẻ em, cần ghế ăn dặm', 'Da_su_dung', 'Website', '2026-07-06 13:15:00', '2026-07-08 12:15:00'),
  (13, 3, 'Nguyễn Thị Thu', '0960090342', 10, '2026-07-22 18:30:00', NULL, 'Da_xac_nhan', 'Website', '2026-07-21 05:30:00', '2026-07-22 18:30:00');

INSERT INTO HOA_DON (ma_hoa_don, ma_ban, ma_dat_ban, ma_nhan_vien_thu_ngan, thoi_gian_mo_ban, thoi_gian_dong_ban, tong_tien_truoc_giam, tien_giam_gia, tong_tien_thanh_toan, hinh_thuc_thanh_toan, trang_thai, ngay_tao, ngay_cap_nhat) VALUES
  (1, 17, 2, 2, '2026-07-02 12:15:00', '2026-07-02 13:28:00', 773000, 0, 773000, 'Tien_mat', 'Da_thanh_toan', '2026-07-02 12:15:00', '2026-07-02 13:28:00'),
  (2, 16, 5, 3, '2026-07-12 12:30:00', '2026-07-12 13:47:00', 370000, 18000, 352000, 'Tien_mat', 'Da_thanh_toan', '2026-07-12 12:30:00', '2026-07-12 13:47:00'),
  (3, 13, 7, 4, '2026-07-07 11:30:00', '2026-07-07 13:03:00', 725000, 72000, 653000, 'Tien_mat', 'Da_thanh_toan', '2026-07-07 11:30:00', '2026-07-07 13:03:00'),
  (4, 9, 8, 3, '2026-07-11 18:45:00', '2026-07-11 20:34:00', 1255000, 0, 1255000, 'Tien_mat', 'Da_thanh_toan', '2026-07-11 18:45:00', '2026-07-11 20:34:00'),
  (5, 12, 9, 4, '2026-07-05 18:00:00', '2026-07-05 19:38:00', 626000, 31000, 595000, 'Chuyen_khoan', 'Da_thanh_toan', '2026-07-05 18:00:00', '2026-07-05 19:38:00'),
  (6, 5, 11, 4, '2026-07-13 19:30:00', '2026-07-13 21:17:00', 578000, 29000, 549000, 'Chuyen_khoan', 'Da_thanh_toan', '2026-07-13 19:30:00', '2026-07-13 21:17:00'),
  (7, 8, 12, 3, '2026-07-10 20:15:00', '2026-07-10 21:32:00', 594000, 0, 594000, 'Chuyen_khoan', 'Da_thanh_toan', '2026-07-10 20:15:00', '2026-07-10 21:32:00'),
  (8, 7, 13, 4, '2026-07-05 17:00:00', '2026-07-05 18:34:00', 494000, 0, 494000, 'Tien_mat', 'Da_thanh_toan', '2026-07-05 17:00:00', '2026-07-05 18:34:00'),
  (9, 9, 15, 4, '2026-07-02 11:45:00', '2026-07-02 13:28:00', 618000, 31000, 587000, 'Tien_mat', 'Da_thanh_toan', '2026-07-02 11:45:00', '2026-07-02 13:28:00'),
  (10, 9, 18, 2, '2026-07-05 17:45:00', '2026-07-05 18:48:00', 3509000, 175000, 3334000, 'Chuyen_khoan', 'Da_thanh_toan', '2026-07-05 17:45:00', '2026-07-05 18:48:00'),
  (11, 4, 19, 4, '2026-07-08 12:15:00', '2026-07-08 13:51:00', 781000, 0, 781000, 'Chuyen_khoan', 'Da_thanh_toan', '2026-07-08 12:15:00', '2026-07-08 13:51:00'),
  (12, 15, NULL, 3, '2026-01-27 13:50:00', '2026-01-27 15:28:00', 218000, 22000, 196000, 'Tien_mat', 'Da_thanh_toan', '2026-01-27 13:50:00', '2026-01-27 15:28:00'),
  (13, 2, NULL, 2, '2026-06-14 17:20:00', '2026-06-14 18:07:00', 314000, 31000, 283000, 'Tien_mat', 'Da_thanh_toan', '2026-06-14 17:20:00', '2026-06-14 18:07:00'),
  (14, 1, NULL, 2, '2026-07-13 17:00:00', '2026-07-13 18:09:00', 702000, 0, 702000, 'Tien_mat', 'Da_thanh_toan', '2026-07-13 17:00:00', '2026-07-13 18:09:00'),
  (15, 7, NULL, 3, '2026-05-30 17:00:00', '2026-05-30 18:40:00', 598000, 0, 598000, 'Tien_mat', 'Da_thanh_toan', '2026-05-30 17:00:00', '2026-05-30 18:40:00'),
  (16, 2, NULL, 4, '2026-03-15 12:20:00', '2026-03-15 13:50:00', 416000, 42000, 374000, 'Chuyen_khoan', 'Da_thanh_toan', '2026-03-15 12:20:00', '2026-03-15 13:50:00'),
  (17, 16, NULL, 4, '2026-02-24 18:10:00', '2026-02-24 19:45:00', 474000, 0, 474000, 'Chuyen_khoan', 'Da_thanh_toan', '2026-02-24 18:10:00', '2026-02-24 19:45:00'),
  (18, 2, NULL, 3, '2026-03-02 12:10:00', '2026-03-02 13:39:00', 856000, 0, 856000, 'Chuyen_khoan', 'Da_thanh_toan', '2026-03-02 12:10:00', '2026-03-02 13:39:00'),
  (19, 2, NULL, 3, '2026-06-12 21:20:00', '2026-06-12 22:43:00', 521000, 0, 521000, 'Tien_mat', 'Da_thanh_toan', '2026-06-12 21:20:00', '2026-06-12 22:43:00'),
  (20, 7, NULL, 4, '2026-05-17 12:20:00', '2026-05-17 13:45:00', 1581000, 0, 1581000, 'Chuyen_khoan', 'Da_thanh_toan', '2026-05-17 12:20:00', '2026-05-17 13:45:00'),
  (21, 11, NULL, 4, '2026-03-13 11:00:00', '2026-03-13 12:16:00', 961000, 0, 961000, 'Tien_mat', 'Da_thanh_toan', '2026-03-13 11:00:00', '2026-03-13 12:16:00'),
  (22, 16, NULL, 4, '2026-03-24 11:00:00', '2026-03-24 11:52:00', 1390000, 70000, 1320000, 'Chuyen_khoan', 'Da_thanh_toan', '2026-03-24 11:00:00', '2026-03-24 11:52:00'),
  (23, 2, NULL, 2, '2026-04-23 11:10:00', '2026-04-23 12:34:00', 654000, 0, 654000, 'Tien_mat', 'Da_thanh_toan', '2026-04-23 11:10:00', '2026-04-23 12:34:00'),
  (24, 3, NULL, 3, '2026-02-27 13:30:00', '2026-02-27 14:24:00', 883000, 88000, 795000, 'Tien_mat', 'Da_thanh_toan', '2026-02-27 13:30:00', '2026-02-27 14:24:00'),
  (25, 9, NULL, 4, '2026-07-21 12:50:00', '2026-07-21 14:02:00', 1328000, 0, 1328000, 'Chuyen_khoan', 'Da_thanh_toan', '2026-07-21 12:50:00', '2026-07-21 14:02:00'),
  (26, 10, NULL, 4, '2026-05-08 12:40:00', '2026-05-08 13:41:00', 587000, 59000, 528000, 'Chuyen_khoan', 'Da_thanh_toan', '2026-05-08 12:40:00', '2026-05-08 13:41:00'),
  (27, 11, NULL, 4, '2026-05-12 12:30:00', '2026-05-12 13:28:00', 902000, 90000, 812000, 'Tien_mat', 'Da_thanh_toan', '2026-05-12 12:30:00', '2026-05-12 13:28:00'),
  (28, 9, NULL, 2, '2026-06-07 19:20:00', '2026-06-07 20:21:00', 517000, 0, 517000, 'Chuyen_khoan', 'Da_thanh_toan', '2026-06-07 19:20:00', '2026-06-07 20:21:00'),
  (29, 16, NULL, 4, '2026-04-25 17:30:00', '2026-04-25 18:35:00', 1029000, 0, 1029000, 'Tien_mat', 'Da_thanh_toan', '2026-04-25 17:30:00', '2026-04-25 18:35:00'),
  (30, 12, NULL, 4, '2026-03-13 11:20:00', '2026-03-13 12:51:00', 189000, 9000, 180000, 'Tien_mat', 'Da_thanh_toan', '2026-03-13 11:20:00', '2026-03-13 12:51:00'),
  (31, 15, NULL, 4, '2026-04-05 11:50:00', '2026-04-05 12:40:00', 521000, 0, 521000, 'Tien_mat', 'Da_thanh_toan', '2026-04-05 11:50:00', '2026-04-05 12:40:00'),
  (32, 11, NULL, 4, '2026-04-17 17:30:00', '2026-04-17 18:54:00', 561000, 0, 561000, 'Tien_mat', 'Da_thanh_toan', '2026-04-17 17:30:00', '2026-04-17 18:54:00'),
  (33, 3, NULL, 4, '2026-07-04 13:40:00', '2026-07-04 14:42:00', 765000, 38000, 727000, 'Tien_mat', 'Da_thanh_toan', '2026-07-04 13:40:00', '2026-07-04 14:42:00'),
  (34, 15, NULL, 3, '2026-01-30 13:00:00', '2026-01-30 14:20:00', 438000, 0, 438000, 'Tien_mat', 'Da_thanh_toan', '2026-01-30 13:00:00', '2026-01-30 14:20:00'),
  (35, 10, NULL, 2, '2026-04-09 11:10:00', '2026-04-09 12:43:00', 1342000, 0, 1342000, 'Chuyen_khoan', 'Da_thanh_toan', '2026-04-09 11:10:00', '2026-04-09 12:43:00'),
  (36, 18, NULL, 2, '2026-05-09 13:50:00', '2026-05-09 14:46:00', 861000, 0, 861000, 'Tien_mat', 'Da_thanh_toan', '2026-05-09 13:50:00', '2026-05-09 14:46:00'),
  (37, 15, NULL, 2, '2026-02-11 21:00:00', '2026-02-11 22:16:00', 1121000, 112000, 1009000, 'Tien_mat', 'Da_thanh_toan', '2026-02-11 21:00:00', '2026-02-11 22:16:00'),
  (38, 11, NULL, 2, '2026-07-08 18:10:00', '2026-07-08 19:07:00', 823000, 0, 823000, 'Tien_mat', 'Da_thanh_toan', '2026-07-08 18:10:00', '2026-07-08 19:07:00'),
  (39, 17, NULL, 4, '2026-01-26 12:30:00', '2026-01-26 13:24:00', 513000, 0, 513000, 'Chuyen_khoan', 'Da_thanh_toan', '2026-01-26 12:30:00', '2026-01-26 13:24:00'),
  (40, 6, NULL, 2, '2026-05-25 21:40:00', '2026-05-25 22:55:00', 1031000, 0, 1031000, 'Tien_mat', 'Da_thanh_toan', '2026-05-25 21:40:00', '2026-05-25 22:55:00'),
  (41, 9, NULL, 2, '2026-04-23 17:20:00', '2026-04-23 18:17:00', 387000, 0, 387000, 'Tien_mat', 'Da_thanh_toan', '2026-04-23 17:20:00', '2026-04-23 18:17:00'),
  (42, 4, NULL, 2, '2026-03-05 13:30:00', '2026-03-05 15:01:00', 970000, 48000, 922000, 'Tien_mat', 'Da_thanh_toan', '2026-03-05 13:30:00', '2026-03-05 15:01:00'),
  (43, 15, NULL, 3, '2026-03-25 19:10:00', '2026-03-25 20:06:00', 3666000, 183000, 3483000, 'Chuyen_khoan', 'Da_thanh_toan', '2026-03-25 19:10:00', '2026-03-25 20:06:00'),
  (44, 2, NULL, 3, '2026-06-29 20:30:00', '2026-06-29 21:44:00', 407000, 41000, 366000, 'Chuyen_khoan', 'Da_thanh_toan', '2026-06-29 20:30:00', '2026-06-29 21:44:00'),
  (45, 18, NULL, 3, '2026-07-14 19:40:00', '2026-07-14 21:19:00', 671000, 0, 671000, 'Tien_mat', 'Da_thanh_toan', '2026-07-14 19:40:00', '2026-07-14 21:19:00'),
  (46, 19, NULL, 2, '2026-04-24 20:20:00', '2026-04-24 21:52:00', 463000, 0, 463000, 'Tien_mat', 'Da_thanh_toan', '2026-04-24 20:20:00', '2026-04-24 21:52:00'),
  (47, 12, NULL, 3, '2026-05-20 20:10:00', '2026-05-20 21:01:00', 552000, 0, 552000, 'Chuyen_khoan', 'Da_thanh_toan', '2026-05-20 20:10:00', '2026-05-20 21:01:00'),
  (48, 19, NULL, 2, '2026-02-06 11:00:00', '2026-02-06 12:01:00', 942000, 47000, 895000, 'Chuyen_khoan', 'Da_thanh_toan', '2026-02-06 11:00:00', '2026-02-06 12:01:00'),
  (49, 10, NULL, 3, '2026-06-04 21:10:00', '2026-06-04 22:13:00', 1931000, 0, 1931000, 'Tien_mat', 'Da_thanh_toan', '2026-06-04 21:10:00', '2026-06-04 22:13:00'),
  (50, 4, NULL, 2, '2026-07-05 19:30:00', '2026-07-05 20:36:00', 764000, 0, 764000, 'Tien_mat', 'Da_thanh_toan', '2026-07-05 19:30:00', '2026-07-05 20:36:00'),
  (51, 5, NULL, 3, '2026-02-06 17:10:00', '2026-02-06 18:47:00', 673000, 0, 673000, 'Tien_mat', 'Da_thanh_toan', '2026-02-06 17:10:00', '2026-02-06 18:47:00'),
  (52, 3, NULL, 2, '2026-02-20 13:20:00', '2026-02-20 14:18:00', 733000, 73000, 660000, 'Chuyen_khoan', 'Da_thanh_toan', '2026-02-20 13:20:00', '2026-02-20 14:18:00'),
  (53, 1, NULL, 3, '2026-03-14 17:00:00', '2026-03-14 18:26:00', 609000, 0, 609000, 'Chuyen_khoan', 'Da_thanh_toan', '2026-03-14 17:00:00', '2026-03-14 18:26:00'),
  (54, 16, NULL, 3, '2026-04-06 19:50:00', '2026-04-06 20:42:00', 1094000, 0, 1094000, 'Tien_mat', 'Da_thanh_toan', '2026-04-06 19:50:00', '2026-04-06 20:42:00'),
  (55, 17, NULL, 3, '2026-04-03 19:30:00', '2026-04-03 21:03:00', 611000, 0, 611000, 'Tien_mat', 'Da_thanh_toan', '2026-04-03 19:30:00', '2026-04-03 21:03:00'),
  (56, 11, NULL, 2, '2026-07-05 13:40:00', '2026-07-05 14:37:00', 481000, 0, 481000, 'Chuyen_khoan', 'Da_thanh_toan', '2026-07-05 13:40:00', '2026-07-05 14:37:00'),
  (57, 4, NULL, 2, '2026-02-14 20:50:00', '2026-02-14 22:06:00', 715000, 0, 715000, 'Tien_mat', 'Da_thanh_toan', '2026-02-14 20:50:00', '2026-02-14 22:06:00'),
  (58, 9, NULL, 3, '2026-04-26 13:10:00', '2026-04-26 13:59:00', 725000, 0, 725000, 'Tien_mat', 'Da_thanh_toan', '2026-04-26 13:10:00', '2026-04-26 13:59:00'),
  (59, 19, NULL, 2, '2026-03-22 17:50:00', '2026-03-22 18:52:00', 636000, 0, 636000, 'Tien_mat', 'Da_thanh_toan', '2026-03-22 17:50:00', '2026-03-22 18:52:00'),
  (60, 4, NULL, 4, '2026-01-18 19:40:00', '2026-01-18 20:35:00', 858000, 0, 858000, 'Chuyen_khoan', 'Da_thanh_toan', '2026-01-18 19:40:00', '2026-01-18 20:35:00'),
  (61, 4, NULL, 4, '2026-06-10 19:50:00', '2026-06-10 20:57:00', 1159000, 0, 1159000, 'Chuyen_khoan', 'Da_thanh_toan', '2026-06-10 19:50:00', '2026-06-10 20:57:00'),
  (62, 2, NULL, 4, '2026-03-14 18:30:00', '2026-03-14 20:05:00', 1619000, 81000, 1538000, 'Tien_mat', 'Da_thanh_toan', '2026-03-14 18:30:00', '2026-03-14 20:05:00'),
  (63, 3, NULL, 2, '2026-02-06 21:00:00', '2026-02-06 21:53:00', 724000, 72000, 652000, 'Chuyen_khoan', 'Da_thanh_toan', '2026-02-06 21:00:00', '2026-02-06 21:53:00'),
  (64, 20, NULL, 3, '2026-02-23 13:30:00', '2026-02-23 14:52:00', 665000, 0, 665000, 'Tien_mat', 'Da_thanh_toan', '2026-02-23 13:30:00', '2026-02-23 14:52:00'),
  (65, 17, NULL, 3, '2026-04-23 13:30:00', '2026-04-23 14:22:00', 129000, 13000, 116000, 'Tien_mat', 'Da_thanh_toan', '2026-04-23 13:30:00', '2026-04-23 14:22:00'),
  (66, 19, NULL, 3, '2026-05-10 13:10:00', '2026-05-10 14:20:00', 686000, 69000, 617000, 'Chuyen_khoan', 'Da_thanh_toan', '2026-05-10 13:10:00', '2026-05-10 14:20:00'),
  (67, 13, NULL, 4, '2026-06-10 21:40:00', '2026-06-10 22:29:00', 362000, 0, 362000, 'Chuyen_khoan', 'Da_thanh_toan', '2026-06-10 21:40:00', '2026-06-10 22:29:00'),
  (68, 16, NULL, 2, '2026-05-12 21:00:00', '2026-05-12 21:50:00', 943000, 94000, 849000, 'Chuyen_khoan', 'Da_thanh_toan', '2026-05-12 21:00:00', '2026-05-12 21:50:00'),
  (69, 18, NULL, 2, '2026-05-13 18:50:00', '2026-05-13 20:30:00', 694000, 0, 694000, 'Tien_mat', 'Da_thanh_toan', '2026-05-13 18:50:00', '2026-05-13 20:30:00'),
  (70, 19, NULL, 2, '2026-03-12 20:50:00', '2026-03-12 22:04:00', 929000, 0, 929000, 'Tien_mat', 'Da_thanh_toan', '2026-03-12 20:50:00', '2026-03-12 22:04:00'),
  (71, 15, NULL, 3, '2026-03-16 11:30:00', '2026-03-16 12:48:00', 2901000, 0, 2901000, 'Chuyen_khoan', 'Da_thanh_toan', '2026-03-16 11:30:00', '2026-03-16 12:48:00'),
  (72, 16, NULL, 2, '2026-03-27 11:30:00', '2026-03-27 12:36:00', 1208000, 0, 1208000, 'Tien_mat', 'Da_thanh_toan', '2026-03-27 11:30:00', '2026-03-27 12:36:00'),
  (73, 5, NULL, 2, '2026-03-06 20:00:00', '2026-03-06 20:55:00', 1959000, 0, 1959000, 'Tien_mat', 'Da_thanh_toan', '2026-03-06 20:00:00', '2026-03-06 20:55:00'),
  (74, 12, NULL, 3, '2026-02-12 13:10:00', '2026-02-12 14:33:00', 293000, 0, 293000, 'Tien_mat', 'Da_thanh_toan', '2026-02-12 13:10:00', '2026-02-12 14:33:00'),
  (75, 3, NULL, 3, '2026-07-08 11:00:00', '2026-07-08 11:49:00', 814000, 41000, 773000, 'Chuyen_khoan', 'Da_thanh_toan', '2026-07-08 11:00:00', '2026-07-08 11:49:00'),
  (76, 17, NULL, 3, '2026-06-22 13:20:00', '2026-06-22 14:53:00', 1136000, 0, 1136000, 'Tien_mat', 'Da_thanh_toan', '2026-06-22 13:20:00', '2026-06-22 14:53:00'),
  (77, 6, NULL, 3, '2026-05-13 12:30:00', '2026-05-13 13:41:00', 1161000, 0, 1161000, 'Tien_mat', 'Da_thanh_toan', '2026-05-13 12:30:00', '2026-05-13 13:41:00'),
  (78, 15, NULL, 4, '2026-01-15 13:10:00', '2026-01-15 14:34:00', 2715000, 0, 2715000, 'Tien_mat', 'Da_thanh_toan', '2026-01-15 13:10:00', '2026-01-15 14:34:00'),
  (79, 1, NULL, 2, '2026-07-17 20:30:00', '2026-07-17 21:19:00', 2410000, 241000, 2169000, 'Tien_mat', 'Da_thanh_toan', '2026-07-17 20:30:00', '2026-07-17 21:19:00'),
  (80, 8, NULL, 4, '2026-04-25 19:00:00', '2026-04-25 20:22:00', 378000, 0, 378000, 'Chuyen_khoan', 'Da_thanh_toan', '2026-04-25 19:00:00', '2026-04-25 20:22:00'),
  (81, 7, NULL, 2, '2026-03-09 12:40:00', '2026-03-09 14:10:00', 1170000, 58000, 1112000, 'Tien_mat', 'Da_thanh_toan', '2026-03-09 12:40:00', '2026-03-09 14:10:00'),
  (82, 13, NULL, NULL, '2026-02-21 19:30:00', '2026-02-21 19:44:00', 372000, 0, 0, NULL, 'Da_huy', '2026-02-21 19:30:00', '2026-02-21 19:44:00'),
  (83, 4, NULL, NULL, '2026-03-21 12:15:00', '2026-03-21 12:31:00', 2445000, 0, 0, NULL, 'Da_huy', '2026-03-21 12:15:00', '2026-03-21 12:31:00'),
  (84, 3, NULL, NULL, '2026-01-06 12:15:00', '2026-01-06 12:36:00', 1695000, 0, 0, NULL, 'Da_huy', '2026-01-06 12:15:00', '2026-01-06 12:36:00'),
  (85, 10, NULL, NULL, '2026-07-22 19:00:00', NULL, 522000, 0, 522000, NULL, 'Dang_phuc_vu', '2026-07-22 19:00:00', '2026-07-22 19:00:00'),
  (86, 1, NULL, NULL, '2026-07-22 18:20:00', NULL, 2468000, 0, 2468000, NULL, 'Dang_phuc_vu', '2026-07-22 18:20:00', '2026-07-22 18:20:00'),
  (87, 11, NULL, NULL, '2026-07-22 12:20:00', NULL, 577000, 0, 577000, NULL, 'Cho_thanh_toan', '2026-07-22 12:20:00', '2026-07-22 12:20:00'),
  (88, 18, NULL, NULL, '2026-07-22 19:10:00', NULL, 347000, 0, 347000, NULL, 'Cho_thanh_toan', '2026-07-22 19:10:00', '2026-07-22 19:10:00');

INSERT INTO CHI_TIET_HOA_DON (ma_hoa_don, ma_mon_an, so_luong, don_gia_tai_thoi_diem_goi, thanh_tien, ghi_chu, trang_thai, ma_nv_xac_nhan, thoi_gian_goi_mon, thoi_gian_xac_nhan, thoi_gian_hoan_thanh, nguon_goi_mon) VALUES
  (1, 21, 1, 39000, 39000, NULL, 'Da_hoan_thanh', 12, '2026-07-02 12:25:00', '2026-07-02 12:27:00', '2026-07-02 12:34:00', 'QR'),
  (1, 13, 1, 179000, 179000, NULL, 'Da_hoan_thanh', 11, '2026-07-02 12:27:00', '2026-07-02 12:32:00', '2026-07-02 12:39:00', 'Nhan_vien'),
  (1, 15, 2, 99000, 198000, NULL, 'Da_hoan_thanh', 10, '2026-07-02 12:27:00', '2026-07-02 12:30:00', '2026-07-02 12:45:00', 'QR'),
  (1, 2, 1, 259000, 259000, NULL, 'Da_hoan_thanh', 10, '2026-07-02 12:38:00', '2026-07-02 12:40:00', '2026-07-02 12:55:00', 'QR'),
  (1, 24, 2, 49000, 98000, NULL, 'Da_hoan_thanh', 12, '2026-07-02 12:51:00', '2026-07-02 12:53:00', '2026-07-02 13:13:00', 'QR'),
  (2, 25, 1, 35000, 35000, NULL, 'Da_hoan_thanh', 13, '2026-07-12 13:15:00', '2026-07-12 13:21:00', '2026-07-12 13:38:00', 'QR'),
  (2, 31, 2, 79000, 158000, NULL, 'Da_hoan_thanh', 10, '2026-07-12 13:17:00', '2026-07-12 13:23:00', '2026-07-12 13:37:00', 'QR'),
  (2, 15, 1, 99000, 99000, NULL, 'Da_huy', 11, '2026-07-12 12:48:00', '2026-07-12 12:52:00', NULL, 'QR'),
  (2, 21, 2, 39000, 78000, NULL, 'Da_hoan_thanh', 10, '2026-07-12 12:44:00', '2026-07-12 12:50:00', '2026-07-12 13:06:00', 'Nhan_vien'),
  (3, 14, 1, 119000, 119000, NULL, 'Da_hoan_thanh', 12, '2026-07-07 11:33:00', '2026-07-07 11:35:00', '2026-07-07 11:45:00', 'Nhan_vien'),
  (3, 12, 1, 159000, 159000, NULL, 'Da_hoan_thanh', 10, '2026-07-07 11:36:00', '2026-07-07 11:39:00', '2026-07-07 11:56:00', 'Nhan_vien'),
  (3, 31, 1, 79000, 79000, NULL, 'Da_hoan_thanh', 13, '2026-07-07 11:37:00', '2026-07-07 11:42:00', '2026-07-07 11:55:00', 'QR'),
  (3, 47, 2, 25000, 50000, NULL, 'Da_hoan_thanh', 11, '2026-07-07 11:56:00', '2026-07-07 11:58:00', '2026-07-07 12:05:00', 'QR'),
  (3, 12, 2, 159000, 318000, NULL, 'Da_hoan_thanh', 11, '2026-07-07 11:58:00', '2026-07-07 12:03:00', '2026-07-07 12:14:00', 'QR'),
  (4, 21, 1, 39000, 39000, NULL, 'Da_hoan_thanh', 10, '2026-07-11 18:53:00', '2026-07-11 18:57:00', '2026-07-11 19:11:00', 'QR'),
  (4, 2, 2, 259000, 518000, NULL, 'Da_hoan_thanh', 13, '2026-07-11 19:23:00', '2026-07-11 19:28:00', '2026-07-11 19:47:00', 'Nhan_vien'),
  (4, 42, 2, 39000, 78000, NULL, 'Da_hoan_thanh', 10, '2026-07-11 19:26:00', '2026-07-11 19:31:00', '2026-07-11 19:37:00', 'QR'),
  (4, 42, 1, 39000, 39000, NULL, 'Da_hoan_thanh', 10, '2026-07-11 19:07:00', '2026-07-11 19:10:00', '2026-07-11 19:27:00', 'QR'),
  (4, 23, 1, 59000, 59000, NULL, 'Da_hoan_thanh', 13, '2026-07-11 18:50:00', '2026-07-11 18:53:00', '2026-07-11 19:00:00', 'Nhan_vien'),
  (4, 40, 2, 10000, 20000, NULL, 'Da_hoan_thanh', 10, '2026-07-11 19:16:00', '2026-07-11 19:22:00', '2026-07-11 19:31:00', 'Nhan_vien'),
  (4, 33, 1, 25000, 25000, NULL, 'Da_hoan_thanh', 10, '2026-07-11 18:55:00', '2026-07-11 18:59:00', '2026-07-11 19:12:00', 'Nhan_vien'),
  (4, 12, 3, 159000, 477000, NULL, 'Da_hoan_thanh', 11, '2026-07-11 19:25:00', '2026-07-11 19:29:00', '2026-07-11 19:46:00', 'Nhan_vien'),
  (5, 11, 1, 189000, 189000, NULL, 'Da_hoan_thanh', 13, '2026-07-05 18:48:00', '2026-07-05 18:52:00', '2026-07-05 19:11:00', 'Nhan_vien'),
  (5, 5, 2, 169000, 338000, NULL, 'Da_hoan_thanh', 12, '2026-07-05 18:25:00', '2026-07-05 18:27:00', '2026-07-05 18:45:00', 'QR'),
  (5, 3, 1, 99000, 99000, NULL, 'Da_hoan_thanh', 12, '2026-07-05 18:39:00', '2026-07-05 18:41:00', '2026-07-05 18:51:00', 'Nhan_vien'),
  (6, 4, 1, 149000, 149000, NULL, 'Da_hoan_thanh', 12, '2026-07-13 20:10:00', '2026-07-13 20:13:00', '2026-07-13 20:31:00', 'QR'),
  (6, 29, 2, 15000, 30000, NULL, 'Da_hoan_thanh', 11, '2026-07-13 20:08:00', '2026-07-13 20:13:00', '2026-07-13 20:24:00', 'QR'),
  (6, 44, 1, 399000, 399000, NULL, 'Da_hoan_thanh', 10, '2026-07-13 19:53:00', '2026-07-13 19:55:00', '2026-07-13 20:07:00', 'Nhan_vien'),
  (7, 7, 2, 89000, 178000, NULL, 'Da_hoan_thanh', 10, '2026-07-10 20:38:00', '2026-07-10 20:43:00', '2026-07-10 20:53:00', 'QR'),
  (7, 3, 2, 99000, 198000, NULL, 'Da_hoan_thanh', 12, '2026-07-10 20:58:00', '2026-07-10 21:01:00', '2026-07-10 21:11:00', 'QR'),
  (7, 36, 3, 15000, 45000, NULL, 'Da_hoan_thanh', 13, '2026-07-10 20:44:00', '2026-07-10 20:48:00', '2026-07-10 21:02:00', 'QR'),
  (7, 29, 1, 15000, 15000, NULL, 'Da_hoan_thanh', 12, '2026-07-10 20:45:00', '2026-07-10 20:48:00', '2026-07-10 21:07:00', 'Nhan_vien'),
  (7, 10, 2, 79000, 158000, NULL, 'Da_hoan_thanh', 13, '2026-07-10 20:43:00', '2026-07-10 20:45:00', '2026-07-10 20:58:00', 'QR'),
  (8, 37, 3, 15000, 45000, NULL, 'Da_hoan_thanh', 10, '2026-07-05 17:22:00', '2026-07-05 17:24:00', '2026-07-05 17:29:00', 'QR'),
  (8, 44, 1, 399000, 399000, NULL, 'Da_hoan_thanh', 13, '2026-07-05 17:32:00', '2026-07-05 17:38:00', '2026-07-05 17:51:00', 'QR'),
  (8, 43, 2, 25000, 50000, NULL, 'Da_hoan_thanh', 12, '2026-07-05 17:07:00', '2026-07-05 17:12:00', '2026-07-05 17:31:00', 'QR'),
  (9, 39, 1, 15000, 15000, NULL, 'Da_hoan_thanh', 11, '2026-07-02 11:59:00', '2026-07-02 12:02:00', '2026-07-02 12:21:00', 'Nhan_vien'),
  (9, 17, 3, 89000, 267000, NULL, 'Da_hoan_thanh', 13, '2026-07-02 12:08:00', '2026-07-02 12:14:00', '2026-07-02 12:30:00', 'QR'),
  (9, 35, 1, 10000, 10000, NULL, 'Da_hoan_thanh', 11, '2026-07-02 11:56:00', '2026-07-02 12:00:00', '2026-07-02 12:15:00', 'Nhan_vien'),
  (9, 19, 2, 69000, 138000, NULL, 'Da_hoan_thanh', 11, '2026-07-02 12:07:00', '2026-07-02 12:13:00', '2026-07-02 12:25:00', 'Nhan_vien'),
  (9, 17, 2, 89000, 178000, NULL, 'Da_hoan_thanh', 11, '2026-07-02 12:23:00', '2026-07-02 12:27:00', '2026-07-02 12:40:00', 'Nhan_vien'),
  (9, 35, 1, 10000, 10000, NULL, 'Da_hoan_thanh', 10, '2026-07-02 12:14:00', '2026-07-02 12:20:00', '2026-07-02 12:25:00', 'QR'),
  (10, 11, 1, 189000, 189000, NULL, 'Da_hoan_thanh', 13, '2026-07-05 18:05:00', '2026-07-05 18:11:00', '2026-07-05 18:30:00', 'QR'),
  (10, 33, 3, 25000, 75000, NULL, 'Da_hoan_thanh', 11, '2026-07-05 18:10:00', '2026-07-05 18:13:00', '2026-07-05 18:23:00', 'QR'),
  (10, 45, 3, 799000, 2397000, NULL, 'Da_hoan_thanh', 11, '2026-07-05 17:59:00', '2026-07-05 18:05:00', '2026-07-05 18:25:00', 'QR'),
  (10, 44, 2, 399000, 798000, NULL, 'Da_hoan_thanh', 12, '2026-07-05 18:15:00', '2026-07-05 18:20:00', '2026-07-05 18:38:00', 'QR'),
  (10, 43, 2, 25000, 50000, NULL, 'Da_hoan_thanh', 10, '2026-07-05 18:07:00', '2026-07-05 18:13:00', '2026-07-05 18:33:00', 'Nhan_vien'),
  (11, 36, 1, 15000, 15000, NULL, 'Da_hoan_thanh', 13, '2026-07-08 12:23:00', '2026-07-08 12:25:00', '2026-07-08 12:30:00', 'Nhan_vien'),
  (11, 48, 2, 45000, 90000, NULL, 'Da_hoan_thanh', 12, '2026-07-08 12:34:00', '2026-07-08 12:39:00', '2026-07-08 12:55:00', 'Nhan_vien'),
  (11, 26, 2, 45000, 90000, NULL, 'Da_hoan_thanh', 12, '2026-07-08 12:36:00', '2026-07-08 12:41:00', '2026-07-08 12:54:00', 'QR'),
  (11, 26, 1, 45000, 45000, NULL, 'Da_hoan_thanh', 11, '2026-07-08 12:44:00', '2026-07-08 12:48:00', '2026-07-08 13:03:00', 'QR'),
  (11, 25, 1, 35000, 35000, NULL, 'Da_hoan_thanh', 11, '2026-07-08 13:02:00', '2026-07-08 13:05:00', '2026-07-08 13:13:00', 'Nhan_vien'),
  (11, 34, 3, 10000, 30000, NULL, 'Da_hoan_thanh', 13, '2026-07-08 12:51:00', '2026-07-08 12:55:00', '2026-07-08 13:07:00', 'QR'),
  (11, 9, 3, 129000, 387000, NULL, 'Da_hoan_thanh', 11, '2026-07-08 12:43:00', '2026-07-08 12:45:00', '2026-07-08 13:02:00', 'QR'),
  (11, 17, 1, 89000, 89000, NULL, 'Da_hoan_thanh', 13, '2026-07-08 12:30:00', '2026-07-08 12:36:00', '2026-07-08 12:43:00', 'Nhan_vien'),
  (12, 39, 1, 15000, 15000, NULL, 'Da_hoan_thanh', 12, '2026-01-27 14:29:00', '2026-01-27 14:32:00', '2026-01-27 14:37:00', 'QR'),
  (12, 39, 2, 15000, 30000, NULL, 'Da_hoan_thanh', 11, '2026-01-27 14:31:00', '2026-01-27 14:37:00', '2026-01-27 14:51:00', 'QR'),
  (12, 19, 2, 69000, 138000, NULL, 'Da_hoan_thanh', 11, '2026-01-27 14:17:00', '2026-01-27 14:19:00', '2026-01-27 14:38:00', 'QR'),
  (12, 40, 2, 10000, 20000, NULL, 'Da_hoan_thanh', 10, '2026-01-27 14:20:00', '2026-01-27 14:24:00', '2026-01-27 14:35:00', 'QR'),
  (12, 29, 1, 15000, 15000, NULL, 'Da_hoan_thanh', 12, '2026-01-27 14:19:00', '2026-01-27 14:24:00', '2026-01-27 14:35:00', 'QR'),
  (13, 33, 1, 25000, 25000, NULL, 'Da_hoan_thanh', 12, '2026-06-14 18:05:00', '2026-06-14 18:07:00', '2026-06-14 18:16:00', 'Nhan_vien'),
  (13, 48, 1, 45000, 45000, NULL, 'Da_hoan_thanh', 12, '2026-06-14 17:48:00', '2026-06-14 17:51:00', '2026-06-14 18:11:00', 'Nhan_vien'),
  (13, 35, 1, 10000, 10000, NULL, 'Da_hoan_thanh', 13, '2026-06-14 17:36:00', '2026-06-14 17:42:00', '2026-06-14 17:51:00', 'QR'),
  (13, 29, 2, 15000, 30000, NULL, 'Da_hoan_thanh', 12, '2026-06-14 17:28:00', '2026-06-14 17:33:00', '2026-06-14 17:53:00', 'Nhan_vien'),
  (13, 22, 1, 79000, 79000, NULL, 'Da_hoan_thanh', 13, '2026-06-14 17:42:00', '2026-06-14 17:47:00', '2026-06-14 18:07:00', 'QR'),
  (13, 37, 2, 15000, 30000, NULL, 'Da_hoan_thanh', 13, '2026-06-14 17:34:00', '2026-06-14 17:38:00', '2026-06-14 17:51:00', 'QR'),
  (13, 8, 1, 95000, 95000, NULL, 'Da_hoan_thanh', 10, '2026-06-14 17:50:00', '2026-06-14 17:52:00', '2026-06-14 18:09:00', 'Nhan_vien'),
  (14, 46, 1, 459000, 459000, NULL, 'Da_hoan_thanh', 12, '2026-07-13 17:05:00', '2026-07-13 17:08:00', '2026-07-13 17:21:00', 'QR'),
  (14, 23, 1, 59000, 59000, NULL, 'Da_hoan_thanh', 11, '2026-07-13 17:15:00', '2026-07-13 17:21:00', '2026-07-13 17:40:00', 'QR'),
  (14, 25, 1, 35000, 35000, NULL, 'Da_hoan_thanh', 11, '2026-07-13 17:41:00', '2026-07-13 17:46:00', '2026-07-13 18:02:00', 'Nhan_vien'),
  (14, 4, 1, 149000, 149000, NULL, 'Da_hoan_thanh', 10, '2026-07-13 17:35:00', '2026-07-13 17:38:00', '2026-07-13 17:49:00', 'QR'),
  (15, 17, 3, 89000, 267000, NULL, 'Da_hoan_thanh', 11, '2026-05-30 17:13:00', '2026-05-30 17:19:00', '2026-05-30 17:31:00', 'QR'),
  (15, 35, 1, 10000, 10000, NULL, 'Da_hoan_thanh', 12, '2026-05-30 17:12:00', '2026-05-30 17:14:00', '2026-05-30 17:30:00', 'QR'),
  (15, 20, 1, 45000, 45000, NULL, 'Da_hoan_thanh', 12, '2026-05-30 17:27:00', '2026-05-30 17:33:00', '2026-05-30 17:44:00', 'QR'),
  (15, 17, 2, 89000, 178000, NULL, 'Da_hoan_thanh', 10, '2026-05-30 17:41:00', '2026-05-30 17:45:00', '2026-05-30 17:54:00', 'QR'),
  (15, 21, 1, 39000, 39000, NULL, 'Da_hoan_thanh', 11, '2026-05-30 17:21:00', '2026-05-30 17:23:00', '2026-05-30 17:41:00', 'QR'),
  (15, 23, 1, 59000, 59000, NULL, 'Da_hoan_thanh', 11, '2026-05-30 17:21:00', '2026-05-30 17:24:00', '2026-05-30 17:42:00', 'QR'),
  (16, 39, 1, 15000, 15000, NULL, 'Da_hoan_thanh', 10, '2026-03-15 13:03:00', '2026-03-15 13:06:00', '2026-03-15 13:17:00', 'Nhan_vien'),
  (16, 15, 2, 99000, 198000, NULL, 'Da_hoan_thanh', 13, '2026-03-15 12:42:00', '2026-03-15 12:44:00', '2026-03-15 13:01:00', 'Nhan_vien'),
  (16, 26, 1, 45000, 45000, NULL, 'Da_hoan_thanh', 11, '2026-03-15 12:53:00', '2026-03-15 12:58:00', '2026-03-15 13:06:00', 'QR'),
  (16, 42, 1, 39000, 39000, NULL, 'Da_hoan_thanh', 10, '2026-03-15 12:58:00', '2026-03-15 13:04:00', '2026-03-15 13:20:00', 'Nhan_vien'),
  (16, 49, 1, 25000, 25000, NULL, 'Da_hoan_thanh', 12, '2026-03-15 12:57:00', '2026-03-15 12:59:00', '2026-03-15 13:19:00', 'QR'),
  (16, 21, 1, 39000, 39000, NULL, 'Da_hoan_thanh', 11, '2026-03-15 12:43:00', '2026-03-15 12:49:00', '2026-03-15 12:54:00', 'QR'),
  (16, 30, 1, 45000, 45000, NULL, 'Da_hoan_thanh', 13, '2026-03-15 12:57:00', '2026-03-15 13:01:00', '2026-03-15 13:20:00', 'QR'),
  (16, 40, 1, 10000, 10000, NULL, 'Da_hoan_thanh', 11, '2026-03-15 12:34:00', '2026-03-15 12:36:00', '2026-03-15 12:44:00', 'Nhan_vien'),
  (17, 16, 1, 219000, 219000, NULL, 'Da_hoan_thanh', 11, '2026-02-24 18:16:00', '2026-02-24 18:20:00', '2026-02-24 18:33:00', 'QR'),
  (17, 30, 3, 45000, 135000, NULL, 'Da_hoan_thanh', 11, '2026-02-24 18:53:00', '2026-02-24 18:56:00', '2026-02-24 19:11:00', 'QR'),
  (17, 25, 1, 35000, 35000, NULL, 'Da_hoan_thanh', 11, '2026-02-24 18:38:00', '2026-02-24 18:42:00', '2026-02-24 18:53:00', 'Nhan_vien'),
  (17, 43, 1, 25000, 25000, NULL, 'Da_hoan_thanh', 12, '2026-02-24 18:20:00', '2026-02-24 18:26:00', '2026-02-24 18:31:00', 'QR'),
  (17, 37, 1, 15000, 15000, NULL, 'Da_hoan_thanh', 11, '2026-02-24 18:23:00', '2026-02-24 18:29:00', '2026-02-24 18:36:00', 'Nhan_vien'),
  (17, 20, 1, 45000, 45000, NULL, 'Da_hoan_thanh', 11, '2026-02-24 18:28:00', '2026-02-24 18:33:00', '2026-02-24 18:39:00', 'Nhan_vien'),
  (18, 9, 2, 129000, 258000, NULL, 'Da_hoan_thanh', 13, '2026-03-02 12:48:00', '2026-03-02 12:51:00', '2026-03-02 12:58:00', 'QR'),
  (18, 19, 1, 69000, 69000, NULL, 'Da_huy', 13, '2026-03-02 12:36:00', '2026-03-02 12:39:00', NULL, 'Nhan_vien'),
  (18, 11, 1, 189000, 189000, NULL, 'Da_hoan_thanh', 12, '2026-03-02 12:42:00', '2026-03-02 12:44:00', '2026-03-02 12:56:00', 'QR'),
  (18, 36, 1, 15000, 15000, NULL, 'Da_hoan_thanh', 10, '2026-03-02 12:22:00', '2026-03-02 12:25:00', '2026-03-02 12:40:00', 'QR'),
  (18, 8, 2, 95000, 190000, NULL, 'Da_hoan_thanh', 11, '2026-03-02 12:22:00', '2026-03-02 12:24:00', '2026-03-02 12:42:00', 'Nhan_vien'),
  (18, 48, 3, 45000, 135000, NULL, 'Da_hoan_thanh', 11, '2026-03-02 12:30:00', '2026-03-02 12:35:00', '2026-03-02 12:41:00', 'QR'),
  (19, 24, 2, 49000, 98000, NULL, 'Da_hoan_thanh', 11, '2026-06-12 21:33:00', '2026-06-12 21:39:00', '2026-06-12 21:52:00', 'Nhan_vien'),
  (19, 29, 1, 15000, 15000, NULL, 'Da_hoan_thanh', 11, '2026-06-12 21:50:00', '2026-06-12 21:52:00', '2026-06-12 22:02:00', 'Nhan_vien'),
  (19, 1, 1, 189000, 189000, NULL, 'Da_hoan_thanh', 10, '2026-06-12 21:47:00', '2026-06-12 21:49:00', '2026-06-12 22:01:00', 'QR'),
  (19, 26, 1, 45000, 45000, NULL, 'Da_hoan_thanh', 13, '2026-06-12 21:43:00', '2026-06-12 21:47:00', '2026-06-12 22:03:00', 'QR'),
  (19, 22, 1, 79000, 79000, NULL, 'Da_hoan_thanh', 12, '2026-06-12 21:59:00', '2026-06-12 22:02:00', '2026-06-12 22:09:00', 'Nhan_vien'),
  (19, 8, 1, 95000, 95000, NULL, 'Da_hoan_thanh', 11, '2026-06-12 21:33:00', '2026-06-12 21:35:00', '2026-06-12 21:41:00', 'QR'),
  (20, 18, 1, 95000, 95000, NULL, 'Da_hoan_thanh', 10, '2026-05-17 12:56:00', '2026-05-17 12:59:00', '2026-05-17 13:16:00', 'Nhan_vien'),
  (20, 46, 3, 459000, 1377000, NULL, 'Da_hoan_thanh', 12, '2026-05-17 12:48:00', '2026-05-17 12:50:00', '2026-05-17 13:03:00', 'QR'),
  (20, 31, 1, 79000, 79000, NULL, 'Da_hoan_thanh', 11, '2026-05-17 12:40:00', '2026-05-17 12:45:00', '2026-05-17 13:05:00', 'QR'),
  (20, 29, 2, 15000, 30000, NULL, 'Da_hoan_thanh', 11, '2026-05-17 12:48:00', '2026-05-17 12:51:00', '2026-05-17 13:10:00', 'QR'),
  (21, 39, 2, 15000, 30000, NULL, 'Da_hoan_thanh', 13, '2026-03-13 11:40:00', '2026-03-13 11:46:00', '2026-03-13 12:05:00', 'Nhan_vien'),
  (21, 16, 2, 219000, 438000, NULL, 'Da_hoan_thanh', 13, '2026-03-13 11:25:00', '2026-03-13 11:29:00', '2026-03-13 11:38:00', 'Nhan_vien'),
  (21, 37, 1, 15000, 15000, NULL, 'Da_hoan_thanh', 11, '2026-03-13 11:30:00', '2026-03-13 11:34:00', '2026-03-13 11:40:00', 'QR'),
  (21, 44, 1, 399000, 399000, NULL, 'Da_huy', 10, '2026-03-13 11:36:00', '2026-03-13 11:39:00', NULL, 'QR'),
  (21, 10, 1, 79000, 79000, NULL, 'Da_hoan_thanh', 12, '2026-03-13 11:26:00', '2026-03-13 11:28:00', '2026-03-13 11:48:00', 'QR'),
  (22, 29, 1, 15000, 15000, NULL, 'Da_hoan_thanh', 11, '2026-03-24 11:29:00', '2026-03-24 11:34:00', '2026-03-24 11:54:00', 'QR'),
  (22, 2, 3, 259000, 777000, NULL, 'Da_hoan_thanh', 12, '2026-03-24 11:40:00', '2026-03-24 11:45:00', '2026-03-24 12:03:00', 'QR'),
  (22, 13, 1, 179000, 179000, NULL, 'Da_hoan_thanh', 12, '2026-03-24 11:20:00', '2026-03-24 11:26:00', '2026-03-24 11:31:00', 'QR'),
  (22, 18, 2, 95000, 190000, NULL, 'Da_hoan_thanh', 10, '2026-03-24 11:44:00', '2026-03-24 11:48:00', '2026-03-24 11:55:00', 'Nhan_vien'),
  (22, 49, 2, 25000, 50000, NULL, 'Da_hoan_thanh', 13, '2026-03-24 11:22:00', '2026-03-24 11:25:00', '2026-03-24 11:37:00', 'QR'),
  (22, 41, 1, 35000, 35000, NULL, 'Da_hoan_thanh', 13, '2026-03-24 11:19:00', '2026-03-24 11:22:00', '2026-03-24 11:38:00', 'Nhan_vien'),
  (22, 43, 1, 25000, 25000, NULL, 'Da_hoan_thanh', 12, '2026-03-24 11:28:00', '2026-03-24 11:34:00', '2026-03-24 11:46:00', 'Nhan_vien'),
  (22, 14, 1, 119000, 119000, NULL, 'Da_hoan_thanh', 12, '2026-03-24 11:40:00', '2026-03-24 11:46:00', '2026-03-24 11:53:00', 'Nhan_vien'),
  (23, 14, 2, 119000, 238000, NULL, 'Da_hoan_thanh', 11, '2026-04-23 11:15:00', '2026-04-23 11:18:00', '2026-04-23 11:24:00', 'QR'),
  (23, 10, 2, 79000, 158000, NULL, 'Da_hoan_thanh', 11, '2026-04-23 11:21:00', '2026-04-23 11:23:00', '2026-04-23 11:39:00', 'QR'),
  (23, 9, 2, 129000, 258000, NULL, 'Da_hoan_thanh', 13, '2026-04-23 11:18:00', '2026-04-23 11:20:00', '2026-04-23 11:25:00', 'QR'),
  (24, 43, 3, 25000, 75000, NULL, 'Da_hoan_thanh', 12, '2026-02-27 14:12:00', '2026-02-27 14:15:00', '2026-02-27 14:33:00', 'QR'),
  (24, 27, 2, 69000, 138000, NULL, 'Da_hoan_thanh', 11, '2026-02-27 13:58:00', '2026-02-27 14:03:00', '2026-02-27 14:10:00', 'QR'),
  (24, 14, 1, 119000, 119000, NULL, 'Da_hoan_thanh', 10, '2026-02-27 13:59:00', '2026-02-27 14:03:00', '2026-02-27 14:09:00', 'QR'),
  (24, 32, 1, 89000, 89000, NULL, 'Da_hoan_thanh', 12, '2026-02-27 13:41:00', '2026-02-27 13:47:00', '2026-02-27 13:59:00', 'Nhan_vien'),
  (24, 23, 1, 59000, 59000, NULL, 'Da_hoan_thanh', 12, '2026-02-27 14:10:00', '2026-02-27 14:14:00', '2026-02-27 14:22:00', 'QR'),
  (24, 13, 2, 179000, 358000, NULL, 'Da_hoan_thanh', 10, '2026-02-27 13:47:00', '2026-02-27 13:49:00', '2026-02-27 13:58:00', 'QR'),
  (24, 20, 1, 45000, 45000, NULL, 'Da_hoan_thanh', 12, '2026-02-27 13:52:00', '2026-02-27 13:58:00', '2026-02-27 14:04:00', 'QR'),
  (25, 35, 1, 10000, 10000, NULL, 'Da_hoan_thanh', 12, '2026-07-21 13:21:00', '2026-07-21 13:24:00', '2026-07-21 13:34:00', 'QR'),
  (25, 5, 2, 169000, 338000, NULL, 'Da_hoan_thanh', 10, '2026-07-21 13:28:00', '2026-07-21 13:31:00', '2026-07-21 13:50:00', 'QR'),
  (25, 7, 2, 89000, 178000, NULL, 'Da_hoan_thanh', 10, '2026-07-21 13:07:00', '2026-07-21 13:10:00', '2026-07-21 13:23:00', 'QR'),
  (25, 27, 1, 69000, 69000, NULL, 'Da_hoan_thanh', 10, '2026-07-21 13:02:00', '2026-07-21 13:06:00', '2026-07-21 13:15:00', 'QR'),
  (25, 2, 2, 259000, 518000, NULL, 'Da_hoan_thanh', 11, '2026-07-21 13:36:00', '2026-07-21 13:42:00', '2026-07-21 13:58:00', 'Nhan_vien'),
  (25, 42, 1, 39000, 39000, NULL, 'Da_hoan_thanh', 13, '2026-07-21 13:26:00', '2026-07-21 13:28:00', '2026-07-21 13:36:00', 'QR'),
  (25, 24, 2, 49000, 98000, NULL, 'Da_hoan_thanh', 10, '2026-07-21 13:32:00', '2026-07-21 13:38:00', '2026-07-21 13:58:00', 'Nhan_vien'),
  (25, 42, 2, 39000, 78000, NULL, 'Da_hoan_thanh', 11, '2026-07-21 13:03:00', '2026-07-21 13:06:00', '2026-07-21 13:22:00', 'QR'),
  (26, 9, 2, 129000, 258000, NULL, 'Da_hoan_thanh', 13, '2026-05-08 13:08:00', '2026-05-08 13:13:00', '2026-05-08 13:28:00', 'Nhan_vien'),
  (26, 27, 1, 69000, 69000, NULL, 'Da_hoan_thanh', 11, '2026-05-08 13:22:00', '2026-05-08 13:26:00', '2026-05-08 13:39:00', 'QR'),
  (26, 33, 1, 25000, 25000, NULL, 'Da_hoan_thanh', 10, '2026-05-08 12:52:00', '2026-05-08 12:55:00', '2026-05-08 13:12:00', 'QR'),
  (26, 30, 2, 45000, 90000, NULL, 'Da_huy', 10, '2026-05-08 12:52:00', '2026-05-08 12:56:00', NULL, 'QR'),
  (26, 41, 2, 35000, 70000, NULL, 'Da_hoan_thanh', 13, '2026-05-08 13:05:00', '2026-05-08 13:11:00', '2026-05-08 13:20:00', 'Nhan_vien'),
  (26, 38, 3, 25000, 75000, NULL, 'Da_hoan_thanh', 11, '2026-05-08 13:08:00', '2026-05-08 13:12:00', '2026-05-08 13:25:00', 'QR'),
  (27, 23, 1, 59000, 59000, NULL, 'Da_hoan_thanh', 12, '2026-05-12 12:49:00', '2026-05-12 12:55:00', '2026-05-12 13:00:00', 'QR'),
  (27, 35, 3, 10000, 30000, NULL, 'Da_hoan_thanh', 12, '2026-05-12 12:55:00', '2026-05-12 13:00:00', '2026-05-12 13:12:00', 'QR'),
  (27, 39, 1, 15000, 15000, NULL, 'Da_hoan_thanh', 13, '2026-05-12 13:04:00', '2026-05-12 13:10:00', '2026-05-12 13:16:00', 'QR'),
  (27, 44, 2, 399000, 798000, NULL, 'Da_hoan_thanh', 10, '2026-05-12 13:01:00', '2026-05-12 13:03:00', '2026-05-12 13:19:00', 'Nhan_vien'),
  (28, 1, 2, 189000, 378000, NULL, 'Da_huy', 11, '2026-06-07 19:33:00', '2026-06-07 19:35:00', NULL, 'QR'),
  (28, 32, 1, 89000, 89000, NULL, 'Da_hoan_thanh', 11, '2026-06-07 19:35:00', '2026-06-07 19:38:00', '2026-06-07 19:58:00', 'Nhan_vien'),
  (28, 49, 2, 25000, 50000, NULL, 'Da_hoan_thanh', 12, '2026-06-07 19:41:00', '2026-06-07 19:43:00', '2026-06-07 20:01:00', 'Nhan_vien'),
  (29, 1, 3, 189000, 567000, NULL, 'Da_hoan_thanh', 12, '2026-04-25 17:42:00', '2026-04-25 17:47:00', '2026-04-25 17:59:00', 'QR'),
  (29, 3, 2, 99000, 198000, NULL, 'Da_hoan_thanh', 11, '2026-04-25 17:54:00', '2026-04-25 17:56:00', '2026-04-25 18:06:00', 'Nhan_vien'),
  (29, 11, 1, 189000, 189000, NULL, 'Da_hoan_thanh', 11, '2026-04-25 17:58:00', '2026-04-25 18:00:00', '2026-04-25 18:07:00', 'Nhan_vien'),
  (29, 47, 3, 25000, 75000, NULL, 'Da_hoan_thanh', 11, '2026-04-25 17:47:00', '2026-04-25 17:50:00', '2026-04-25 18:10:00', 'QR'),
  (30, 39, 1, 15000, 15000, NULL, 'Da_hoan_thanh', 13, '2026-03-13 11:57:00', '2026-03-13 12:02:00', '2026-03-13 12:12:00', 'Nhan_vien'),
  (30, 30, 2, 45000, 90000, NULL, 'Da_hoan_thanh', 13, '2026-03-13 11:29:00', '2026-03-13 11:33:00', '2026-03-13 11:50:00', 'Nhan_vien'),
  (30, 21, 1, 39000, 39000, NULL, 'Da_hoan_thanh', 13, '2026-03-13 11:41:00', '2026-03-13 11:44:00', '2026-03-13 11:58:00', 'QR'),
  (30, 36, 3, 15000, 45000, NULL, 'Da_hoan_thanh', 10, '2026-03-13 12:01:00', '2026-03-13 12:03:00', '2026-03-13 12:13:00', 'Nhan_vien'),
  (31, 17, 3, 89000, 267000, NULL, 'Da_hoan_thanh', 10, '2026-04-05 12:19:00', '2026-04-05 12:22:00', '2026-04-05 12:28:00', 'Nhan_vien'),
  (31, 14, 1, 119000, 119000, NULL, 'Da_hoan_thanh', 11, '2026-04-05 12:05:00', '2026-04-05 12:08:00', '2026-04-05 12:24:00', 'Nhan_vien'),
  (31, 30, 3, 45000, 135000, NULL, 'Da_hoan_thanh', 11, '2026-04-05 12:03:00', '2026-04-05 12:07:00', '2026-04-05 12:18:00', 'QR'),
  (32, 21, 2, 39000, 78000, NULL, 'Da_hoan_thanh', 11, '2026-04-17 18:16:00', '2026-04-17 18:19:00', '2026-04-17 18:29:00', 'QR'),
  (32, 14, 1, 119000, 119000, NULL, 'Da_hoan_thanh', 11, '2026-04-17 17:57:00', '2026-04-17 18:02:00', '2026-04-17 18:14:00', 'QR'),
  (32, 24, 2, 49000, 98000, NULL, 'Da_hoan_thanh', 13, '2026-04-17 17:50:00', '2026-04-17 17:56:00', '2026-04-17 18:15:00', 'QR'),
  (32, 24, 2, 49000, 98000, NULL, 'Da_hoan_thanh', 12, '2026-04-17 18:17:00', '2026-04-17 18:19:00', '2026-04-17 18:25:00', 'QR'),
  (32, 3, 1, 99000, 99000, NULL, 'Da_hoan_thanh', 13, '2026-04-17 18:07:00', '2026-04-17 18:10:00', '2026-04-17 18:25:00', 'QR'),
  (32, 27, 1, 69000, 69000, NULL, 'Da_hoan_thanh', 12, '2026-04-17 17:54:00', '2026-04-17 18:00:00', '2026-04-17 18:16:00', 'QR'),
  (33, 5, 3, 169000, 507000, NULL, 'Da_hoan_thanh', 10, '2026-07-04 14:26:00', '2026-07-04 14:28:00', '2026-07-04 14:46:00', 'QR'),
  (33, 26, 1, 45000, 45000, NULL, 'Da_hoan_thanh', 10, '2026-07-04 14:00:00', '2026-07-04 14:02:00', '2026-07-04 14:10:00', 'Nhan_vien'),
  (33, 35, 2, 10000, 20000, NULL, 'Da_hoan_thanh', 12, '2026-07-04 13:56:00', '2026-07-04 14:02:00', '2026-07-04 14:13:00', 'Nhan_vien'),
  (33, 31, 1, 79000, 79000, NULL, 'Da_hoan_thanh', 13, '2026-07-04 14:01:00', '2026-07-04 14:05:00', '2026-07-04 14:21:00', 'QR'),
  (33, 20, 1, 45000, 45000, NULL, 'Da_hoan_thanh', 11, '2026-07-04 13:58:00', '2026-07-04 14:03:00', '2026-07-04 14:22:00', 'Nhan_vien'),
  (33, 19, 1, 69000, 69000, NULL, 'Da_hoan_thanh', 11, '2026-07-04 13:57:00', '2026-07-04 14:02:00', '2026-07-04 14:13:00', 'QR'),
  (34, 49, 2, 25000, 50000, NULL, 'Da_hoan_thanh', 13, '2026-01-30 13:30:00', '2026-01-30 13:32:00', '2026-01-30 13:37:00', 'Nhan_vien'),
  (34, 6, 1, 139000, 139000, NULL, 'Da_hoan_thanh', 12, '2026-01-30 13:24:00', '2026-01-30 13:27:00', '2026-01-30 13:33:00', 'Nhan_vien'),
  (34, 39, 1, 15000, 15000, NULL, 'Da_hoan_thanh', 13, '2026-01-30 13:12:00', '2026-01-30 13:14:00', '2026-01-30 13:30:00', 'QR'),
  (34, 3, 1, 99000, 99000, NULL, 'Da_hoan_thanh', 12, '2026-01-30 13:22:00', '2026-01-30 13:25:00', '2026-01-30 13:41:00', 'QR'),
  (34, 30, 3, 45000, 135000, NULL, 'Da_hoan_thanh', 10, '2026-01-30 13:32:00', '2026-01-30 13:36:00', '2026-01-30 13:52:00', 'Nhan_vien'),
  (35, 12, 1, 159000, 159000, NULL, 'Da_hoan_thanh', 11, '2026-04-09 11:40:00', '2026-04-09 11:42:00', '2026-04-09 11:50:00', 'QR'),
  (35, 16, 1, 219000, 219000, NULL, 'Da_hoan_thanh', 12, '2026-04-09 11:46:00', '2026-04-09 11:52:00', '2026-04-09 12:11:00', 'QR'),
  (35, 44, 1, 399000, 399000, NULL, 'Da_hoan_thanh', 10, '2026-04-09 11:41:00', '2026-04-09 11:44:00', '2026-04-09 11:57:00', 'QR'),
  (35, 17, 2, 89000, 178000, NULL, 'Da_hoan_thanh', 13, '2026-04-09 11:43:00', '2026-04-09 11:49:00', '2026-04-09 12:05:00', 'Nhan_vien'),
  (35, 38, 3, 25000, 75000, NULL, 'Da_hoan_thanh', 10, '2026-04-09 11:44:00', '2026-04-09 11:50:00', '2026-04-09 11:56:00', 'QR'),
  (35, 3, 1, 99000, 99000, NULL, 'Da_hoan_thanh', 10, '2026-04-09 11:39:00', '2026-04-09 11:41:00', '2026-04-09 11:54:00', 'QR'),
  (35, 32, 2, 89000, 178000, NULL, 'Da_hoan_thanh', 11, '2026-04-09 11:40:00', '2026-04-09 11:42:00', '2026-04-09 11:55:00', 'Nhan_vien'),
  (35, 41, 1, 35000, 35000, NULL, 'Da_hoan_thanh', 10, '2026-04-09 11:46:00', '2026-04-09 11:49:00', '2026-04-09 12:01:00', 'QR'),
  (36, 8, 1, 95000, 95000, NULL, 'Da_hoan_thanh', 10, '2026-05-09 14:30:00', '2026-05-09 14:33:00', '2026-05-09 14:44:00', 'QR'),
  (36, 20, 2, 45000, 90000, NULL, 'Da_hoan_thanh', 12, '2026-05-09 14:09:00', '2026-05-09 14:13:00', '2026-05-09 14:27:00', 'Nhan_vien'),
  (36, 17, 2, 89000, 178000, NULL, 'Da_hoan_thanh', 10, '2026-05-09 14:10:00', '2026-05-09 14:14:00', '2026-05-09 14:29:00', 'QR'),
  (36, 5, 1, 169000, 169000, NULL, 'Da_hoan_thanh', 10, '2026-05-09 14:11:00', '2026-05-09 14:16:00', '2026-05-09 14:27:00', 'QR'),
  (36, 47, 1, 25000, 25000, NULL, 'Da_hoan_thanh', 12, '2026-05-09 14:26:00', '2026-05-09 14:28:00', '2026-05-09 14:37:00', 'Nhan_vien'),
  (36, 2, 1, 259000, 259000, NULL, 'Da_hoan_thanh', 12, '2026-05-09 14:06:00', '2026-05-09 14:08:00', '2026-05-09 14:17:00', 'QR'),
  (36, 26, 1, 45000, 45000, NULL, 'Da_hoan_thanh', 12, '2026-05-09 13:58:00', '2026-05-09 14:03:00', '2026-05-09 14:14:00', 'QR'),
  (37, 45, 1, 799000, 799000, NULL, 'Da_hoan_thanh', 13, '2026-02-11 21:31:00', '2026-02-11 21:34:00', '2026-02-11 21:53:00', 'QR'),
  (37, 47, 1, 25000, 25000, NULL, 'Da_hoan_thanh', 10, '2026-02-11 21:37:00', '2026-02-11 21:42:00', '2026-02-11 21:52:00', 'Nhan_vien'),
  (37, 15, 3, 99000, 297000, NULL, 'Da_hoan_thanh', 10, '2026-02-11 21:34:00', '2026-02-11 21:38:00', '2026-02-11 21:48:00', 'QR'),
  (38, 15, 2, 99000, 198000, NULL, 'Da_hoan_thanh', 11, '2026-07-08 18:15:00', '2026-07-08 18:19:00', '2026-07-08 18:36:00', 'Nhan_vien'),
  (38, 47, 2, 25000, 50000, NULL, 'Da_hoan_thanh', 10, '2026-07-08 18:32:00', '2026-07-08 18:36:00', '2026-07-08 18:53:00', 'QR'),
  (38, 13, 1, 179000, 179000, NULL, 'Da_hoan_thanh', 12, '2026-07-08 18:40:00', '2026-07-08 18:46:00', '2026-07-08 18:51:00', 'Nhan_vien'),
  (38, 12, 1, 159000, 159000, NULL, 'Da_hoan_thanh', 10, '2026-07-08 18:42:00', '2026-07-08 18:46:00', '2026-07-08 18:59:00', 'Nhan_vien'),
  (38, 31, 3, 79000, 237000, NULL, 'Da_hoan_thanh', 10, '2026-07-08 18:41:00', '2026-07-08 18:44:00', '2026-07-08 19:03:00', 'QR'),
  (39, 48, 2, 45000, 90000, NULL, 'Da_hoan_thanh', 11, '2026-01-26 13:17:00', '2026-01-26 13:20:00', '2026-01-26 13:40:00', 'QR'),
  (39, 1, 2, 189000, 378000, NULL, 'Da_huy', 12, '2026-01-26 12:54:00', '2026-01-26 12:58:00', NULL, 'Nhan_vien'),
  (39, 20, 1, 45000, 45000, NULL, 'Da_hoan_thanh', 11, '2026-01-26 13:15:00', '2026-01-26 13:19:00', '2026-01-26 13:36:00', 'QR'),
  (40, 13, 2, 179000, 358000, NULL, 'Da_hoan_thanh', 12, '2026-05-25 22:10:00', '2026-05-25 22:15:00', '2026-05-25 22:24:00', 'QR'),
  (40, 27, 1, 69000, 69000, NULL, 'Da_hoan_thanh', 11, '2026-05-25 22:10:00', '2026-05-25 22:13:00', '2026-05-25 22:33:00', 'QR'),
  (40, 7, 1, 89000, 89000, NULL, 'Da_hoan_thanh', 10, '2026-05-25 22:20:00', '2026-05-25 22:24:00', '2026-05-25 22:42:00', 'Nhan_vien'),
  (40, 3, 1, 99000, 99000, NULL, 'Da_hoan_thanh', 11, '2026-05-25 22:00:00', '2026-05-25 22:03:00', '2026-05-25 22:21:00', 'QR'),
  (40, 5, 1, 169000, 169000, NULL, 'Da_hoan_thanh', 10, '2026-05-25 21:59:00', '2026-05-25 22:01:00', '2026-05-25 22:13:00', 'QR'),
  (40, 42, 1, 39000, 39000, NULL, 'Da_hoan_thanh', 10, '2026-05-25 22:03:00', '2026-05-25 22:06:00', '2026-05-25 22:22:00', 'QR'),
  (40, 10, 1, 79000, 79000, NULL, 'Da_hoan_thanh', 11, '2026-05-25 22:24:00', '2026-05-25 22:28:00', '2026-05-25 22:40:00', 'QR'),
  (40, 9, 1, 129000, 129000, NULL, 'Da_hoan_thanh', 10, '2026-05-25 22:02:00', '2026-05-25 22:07:00', '2026-05-25 22:21:00', 'Nhan_vien'),
  (41, 30, 1, 45000, 45000, NULL, 'Da_hoan_thanh', 11, '2026-04-23 17:40:00', '2026-04-23 17:45:00', '2026-04-23 18:05:00', 'QR'),
  (41, 40, 1, 10000, 10000, NULL, 'Da_hoan_thanh', 10, '2026-04-23 17:31:00', '2026-04-23 17:33:00', '2026-04-23 17:49:00', 'QR'),
  (41, 15, 3, 99000, 297000, NULL, 'Da_hoan_thanh', 13, '2026-04-23 18:00:00', '2026-04-23 18:05:00', '2026-04-23 18:23:00', 'QR'),
  (41, 25, 1, 35000, 35000, NULL, 'Da_hoan_thanh', 12, '2026-04-23 17:36:00', '2026-04-23 17:38:00', '2026-04-23 17:56:00', 'QR'),
  (42, 48, 2, 45000, 90000, NULL, 'Da_hoan_thanh', 13, '2026-03-05 13:47:00', '2026-03-05 13:50:00', '2026-03-05 13:56:00', 'Nhan_vien'),
  (42, 39, 2, 15000, 30000, NULL, 'Da_hoan_thanh', 12, '2026-03-05 13:38:00', '2026-03-05 13:44:00', '2026-03-05 14:03:00', 'QR'),
  (42, 6, 2, 139000, 278000, NULL, 'Da_hoan_thanh', 12, '2026-03-05 14:08:00', '2026-03-05 14:10:00', '2026-03-05 14:16:00', 'QR'),
  (42, 6, 3, 139000, 417000, NULL, 'Da_hoan_thanh', 11, '2026-03-05 13:35:00', '2026-03-05 13:37:00', '2026-03-05 13:47:00', 'QR'),
  (42, 33, 2, 25000, 50000, NULL, 'Da_hoan_thanh', 10, '2026-03-05 14:00:00', '2026-03-05 14:03:00', '2026-03-05 14:21:00', 'QR'),
  (42, 41, 3, 35000, 105000, NULL, 'Da_hoan_thanh', 11, '2026-03-05 13:36:00', '2026-03-05 13:38:00', '2026-03-05 13:47:00', 'QR'),
  (43, 7, 2, 89000, 178000, NULL, 'Da_hoan_thanh', 13, '2026-03-25 19:22:00', '2026-03-25 19:24:00', '2026-03-25 19:43:00', 'Nhan_vien'),
  (43, 47, 3, 25000, 75000, NULL, 'Da_hoan_thanh', 13, '2026-03-25 19:47:00', '2026-03-25 19:50:00', '2026-03-25 20:08:00', 'Nhan_vien'),
  (43, 44, 2, 399000, 798000, NULL, 'Da_hoan_thanh', 10, '2026-03-25 19:42:00', '2026-03-25 19:45:00', '2026-03-25 20:04:00', 'QR'),
  (43, 45, 3, 799000, 2397000, NULL, 'Da_hoan_thanh', 11, '2026-03-25 19:31:00', '2026-03-25 19:33:00', '2026-03-25 19:46:00', 'Nhan_vien'),
  (43, 17, 1, 89000, 89000, NULL, 'Da_hoan_thanh', 13, '2026-03-25 19:37:00', '2026-03-25 19:40:00', '2026-03-25 19:50:00', 'Nhan_vien'),
  (43, 9, 1, 129000, 129000, NULL, 'Da_hoan_thanh', 11, '2026-03-25 19:54:00', '2026-03-25 19:59:00', '2026-03-25 20:12:00', 'Nhan_vien'),
  (44, 25, 3, 35000, 105000, NULL, 'Da_hoan_thanh', 10, '2026-06-29 21:07:00', '2026-06-29 21:10:00', '2026-06-29 21:29:00', 'QR'),
  (44, 41, 1, 35000, 35000, NULL, 'Da_hoan_thanh', 12, '2026-06-29 21:04:00', '2026-06-29 21:06:00', '2026-06-29 21:20:00', 'QR'),
  (44, 32, 3, 89000, 267000, NULL, 'Da_hoan_thanh', 12, '2026-06-29 20:56:00', '2026-06-29 21:01:00', '2026-06-29 21:06:00', 'Nhan_vien'),
  (45, 31, 1, 79000, 79000, NULL, 'Da_hoan_thanh', 11, '2026-07-14 19:52:00', '2026-07-14 19:54:00', '2026-07-14 20:12:00', 'QR'),
  (45, 9, 2, 129000, 258000, NULL, 'Da_hoan_thanh', 12, '2026-07-14 20:00:00', '2026-07-14 20:03:00', '2026-07-14 20:13:00', 'Nhan_vien'),
  (45, 24, 1, 49000, 49000, NULL, 'Da_hoan_thanh', 12, '2026-07-14 20:03:00', '2026-07-14 20:07:00', '2026-07-14 20:26:00', 'QR'),
  (45, 8, 3, 95000, 285000, NULL, 'Da_hoan_thanh', 13, '2026-07-14 20:16:00', '2026-07-14 20:20:00', '2026-07-14 20:35:00', 'Nhan_vien'),
  (46, 11, 2, 189000, 378000, NULL, 'Da_huy', 12, '2026-04-24 20:37:00', '2026-04-24 20:43:00', NULL, 'QR'),
  (46, 40, 2, 10000, 20000, NULL, 'Da_hoan_thanh', 10, '2026-04-24 20:35:00', '2026-04-24 20:37:00', '2026-04-24 20:45:00', 'Nhan_vien'),
  (46, 29, 1, 15000, 15000, NULL, 'Da_hoan_thanh', 12, '2026-04-24 21:02:00', '2026-04-24 21:05:00', '2026-04-24 21:12:00', 'QR'),
  (46, 38, 2, 25000, 50000, NULL, 'Da_hoan_thanh', 10, '2026-04-24 21:04:00', '2026-04-24 21:10:00', '2026-04-24 21:20:00', 'QR'),
  (47, 35, 1, 10000, 10000, NULL, 'Da_hoan_thanh', 10, '2026-05-20 20:39:00', '2026-05-20 20:41:00', '2026-05-20 20:59:00', 'Nhan_vien'),
  (47, 21, 2, 39000, 78000, NULL, 'Da_hoan_thanh', 13, '2026-05-20 20:56:00', '2026-05-20 20:59:00', '2026-05-20 21:04:00', 'QR'),
  (47, 6, 2, 139000, 278000, NULL, 'Da_hoan_thanh', 11, '2026-05-20 20:41:00', '2026-05-20 20:47:00', '2026-05-20 20:56:00', 'QR'),
  (47, 27, 1, 69000, 69000, NULL, 'Da_hoan_thanh', 12, '2026-05-20 20:45:00', '2026-05-20 20:50:00', '2026-05-20 21:03:00', 'QR'),
  (47, 21, 1, 39000, 39000, NULL, 'Da_hoan_thanh', 12, '2026-05-20 20:52:00', '2026-05-20 20:57:00', '2026-05-20 21:07:00', 'QR'),
  (47, 42, 2, 39000, 78000, NULL, 'Da_hoan_thanh', 12, '2026-05-20 20:48:00', '2026-05-20 20:52:00', '2026-05-20 21:10:00', 'QR'),
  (48, 15, 1, 99000, 99000, NULL, 'Da_hoan_thanh', 11, '2026-02-06 11:38:00', '2026-02-06 11:43:00', '2026-02-06 11:49:00', 'Nhan_vien'),
  (48, 13, 1, 179000, 179000, NULL, 'Da_hoan_thanh', 11, '2026-02-06 11:35:00', '2026-02-06 11:40:00', '2026-02-06 11:50:00', 'Nhan_vien'),
  (48, 23, 1, 59000, 59000, NULL, 'Da_hoan_thanh', 12, '2026-02-06 11:34:00', '2026-02-06 11:38:00', '2026-02-06 11:57:00', 'Nhan_vien'),
  (48, 31, 1, 79000, 79000, NULL, 'Da_hoan_thanh', 10, '2026-02-06 11:24:00', '2026-02-06 11:28:00', '2026-02-06 11:47:00', 'Nhan_vien'),
  (48, 32, 1, 89000, 89000, NULL, 'Da_hoan_thanh', 12, '2026-02-06 11:29:00', '2026-02-06 11:32:00', '2026-02-06 11:51:00', 'Nhan_vien'),
  (48, 12, 2, 159000, 318000, NULL, 'Da_hoan_thanh', 11, '2026-02-06 11:40:00', '2026-02-06 11:44:00', '2026-02-06 12:04:00', 'QR'),
  (48, 40, 2, 10000, 20000, NULL, 'Da_hoan_thanh', 12, '2026-02-06 11:35:00', '2026-02-06 11:41:00', '2026-02-06 11:57:00', 'Nhan_vien'),
  (48, 15, 1, 99000, 99000, NULL, 'Da_hoan_thanh', 12, '2026-02-06 11:42:00', '2026-02-06 11:48:00', '2026-02-06 12:07:00', 'Nhan_vien'),
  (49, 24, 1, 49000, 49000, NULL, 'Da_hoan_thanh', 10, '2026-06-04 21:40:00', '2026-06-04 21:45:00', '2026-06-04 22:03:00', 'Nhan_vien'),
  (49, 49, 1, 25000, 25000, NULL, 'Da_hoan_thanh', 11, '2026-06-04 21:20:00', '2026-06-04 21:25:00', '2026-06-04 21:31:00', 'QR'),
  (49, 45, 2, 799000, 1598000, NULL, 'Da_hoan_thanh', 12, '2026-06-04 21:56:00', '2026-06-04 22:02:00', '2026-06-04 22:18:00', 'QR'),
  (49, 2, 1, 259000, 259000, NULL, 'Da_hoan_thanh', 10, '2026-06-04 21:52:00', '2026-06-04 21:55:00', '2026-06-04 22:02:00', 'QR'),
  (50, 30, 2, 45000, 90000, NULL, 'Da_hoan_thanh', 13, '2026-07-05 19:48:00', '2026-07-05 19:51:00', '2026-07-05 20:00:00', 'Nhan_vien'),
  (50, 24, 3, 49000, 147000, NULL, 'Da_hoan_thanh', 11, '2026-07-05 20:07:00', '2026-07-05 20:09:00', '2026-07-05 20:23:00', 'QR'),
  (50, 43, 2, 25000, 50000, NULL, 'Da_hoan_thanh', 11, '2026-07-05 20:14:00', '2026-07-05 20:16:00', '2026-07-05 20:31:00', 'QR'),
  (50, 12, 3, 159000, 477000, NULL, 'Da_hoan_thanh', 10, '2026-07-05 19:56:00', '2026-07-05 19:58:00', '2026-07-05 20:10:00', 'Nhan_vien'),
  (51, 35, 1, 10000, 10000, NULL, 'Da_hoan_thanh', 13, '2026-02-06 17:21:00', '2026-02-06 17:27:00', '2026-02-06 17:39:00', 'QR'),
  (51, 40, 3, 10000, 30000, NULL, 'Da_hoan_thanh', 12, '2026-02-06 17:32:00', '2026-02-06 17:37:00', '2026-02-06 17:57:00', 'Nhan_vien'),
  (51, 30, 1, 45000, 45000, NULL, 'Da_hoan_thanh', 12, '2026-02-06 17:52:00', '2026-02-06 17:58:00', '2026-02-06 18:13:00', 'Nhan_vien'),
  (51, 44, 1, 399000, 399000, NULL, 'Da_hoan_thanh', 10, '2026-02-06 17:31:00', '2026-02-06 17:34:00', '2026-02-06 17:53:00', 'Nhan_vien'),
  (51, 11, 1, 189000, 189000, NULL, 'Da_hoan_thanh', 10, '2026-02-06 17:20:00', '2026-02-06 17:24:00', '2026-02-06 17:38:00', 'QR'),
  (52, 13, 1, 179000, 179000, NULL, 'Da_hoan_thanh', 13, '2026-02-20 13:57:00', '2026-02-20 14:03:00', '2026-02-20 14:10:00', 'QR'),
  (52, 27, 2, 69000, 138000, NULL, 'Da_hoan_thanh', 11, '2026-02-20 13:35:00', '2026-02-20 13:37:00', '2026-02-20 13:42:00', 'Nhan_vien'),
  (52, 3, 1, 99000, 99000, NULL, 'Da_hoan_thanh', 10, '2026-02-20 13:33:00', '2026-02-20 13:36:00', '2026-02-20 13:41:00', 'QR'),
  (52, 13, 1, 179000, 179000, NULL, 'Da_hoan_thanh', 11, '2026-02-20 14:10:00', '2026-02-20 14:15:00', '2026-02-20 14:30:00', 'QR'),
  (52, 19, 2, 69000, 138000, NULL, 'Da_hoan_thanh', 10, '2026-02-20 13:46:00', '2026-02-20 13:51:00', '2026-02-20 13:57:00', 'QR'),
  (53, 15, 2, 99000, 198000, NULL, 'Da_hoan_thanh', 12, '2026-03-14 17:46:00', '2026-03-14 17:49:00', '2026-03-14 17:59:00', 'Nhan_vien'),
  (53, 19, 1, 69000, 69000, NULL, 'Da_huy', 10, '2026-03-14 17:42:00', '2026-03-14 17:46:00', NULL, 'QR'),
  (53, 40, 1, 10000, 10000, NULL, 'Da_hoan_thanh', 12, '2026-03-14 17:17:00', '2026-03-14 17:20:00', '2026-03-14 17:37:00', 'Nhan_vien'),
  (53, 38, 1, 25000, 25000, NULL, 'Da_hoan_thanh', 11, '2026-03-14 17:21:00', '2026-03-14 17:24:00', '2026-03-14 17:34:00', 'Nhan_vien'),
  (53, 4, 1, 149000, 149000, NULL, 'Da_hoan_thanh', 11, '2026-03-14 17:25:00', '2026-03-14 17:31:00', '2026-03-14 17:48:00', 'QR'),
  (53, 10, 2, 79000, 158000, NULL, 'Da_hoan_thanh', 13, '2026-03-14 17:13:00', '2026-03-14 17:15:00', '2026-03-14 17:35:00', 'QR'),
  (54, 37, 1, 15000, 15000, NULL, 'Da_hoan_thanh', 11, '2026-04-06 19:58:00', '2026-04-06 20:02:00', '2026-04-06 20:16:00', 'QR'),
  (54, 22, 3, 79000, 237000, NULL, 'Da_hoan_thanh', 11, '2026-04-06 20:37:00', '2026-04-06 20:43:00', '2026-04-06 20:56:00', 'Nhan_vien'),
  (54, 24, 1, 49000, 49000, NULL, 'Da_hoan_thanh', 11, '2026-04-06 20:26:00', '2026-04-06 20:32:00', '2026-04-06 20:50:00', 'QR'),
  (54, 32, 2, 89000, 178000, NULL, 'Da_hoan_thanh', 13, '2026-04-06 20:04:00', '2026-04-06 20:06:00', '2026-04-06 20:16:00', 'QR'),
  (54, 11, 2, 189000, 378000, NULL, 'Da_hoan_thanh', 11, '2026-04-06 20:27:00', '2026-04-06 20:31:00', '2026-04-06 20:39:00', 'QR'),
  (54, 10, 2, 79000, 158000, NULL, 'Da_hoan_thanh', 13, '2026-04-06 20:35:00', '2026-04-06 20:39:00', '2026-04-06 20:54:00', 'Nhan_vien'),
  (54, 19, 1, 69000, 69000, NULL, 'Da_hoan_thanh', 10, '2026-04-06 20:27:00', '2026-04-06 20:33:00', '2026-04-06 20:40:00', 'QR'),
  (54, 35, 1, 10000, 10000, NULL, 'Da_hoan_thanh', 10, '2026-04-06 20:23:00', '2026-04-06 20:29:00', '2026-04-06 20:49:00', 'QR'),
  (55, 14, 1, 119000, 119000, NULL, 'Da_hoan_thanh', 12, '2026-04-03 20:14:00', '2026-04-03 20:16:00', '2026-04-03 20:28:00', 'QR'),
  (55, 9, 1, 129000, 129000, NULL, 'Da_hoan_thanh', 13, '2026-04-03 19:39:00', '2026-04-03 19:43:00', '2026-04-03 19:56:00', 'QR'),
  (55, 48, 1, 45000, 45000, NULL, 'Da_hoan_thanh', 13, '2026-04-03 20:14:00', '2026-04-03 20:20:00', '2026-04-03 20:27:00', 'QR'),
  (55, 12, 2, 159000, 318000, NULL, 'Da_hoan_thanh', 11, '2026-04-03 19:38:00', '2026-04-03 19:41:00', '2026-04-03 19:59:00', 'QR'),
  (56, 17, 2, 89000, 178000, NULL, 'Da_hoan_thanh', 10, '2026-07-05 13:58:00', '2026-07-05 14:03:00', '2026-07-05 14:23:00', 'QR'),
  (56, 33, 1, 25000, 25000, NULL, 'Da_hoan_thanh', 13, '2026-07-05 13:50:00', '2026-07-05 13:55:00', '2026-07-05 14:11:00', 'Nhan_vien'),
  (56, 3, 2, 99000, 198000, NULL, 'Da_hoan_thanh', 13, '2026-07-05 13:52:00', '2026-07-05 13:55:00', '2026-07-05 14:03:00', 'QR'),
  (56, 43, 2, 25000, 50000, NULL, 'Da_hoan_thanh', 13, '2026-07-05 13:54:00', '2026-07-05 14:00:00', '2026-07-05 14:13:00', 'QR'),
  (56, 37, 2, 15000, 30000, NULL, 'Da_hoan_thanh', 11, '2026-07-05 13:51:00', '2026-07-05 13:57:00', '2026-07-05 14:13:00', 'QR'),
  (57, 18, 3, 95000, 285000, NULL, 'Da_hoan_thanh', 11, '2026-02-14 21:02:00', '2026-02-14 21:06:00', '2026-02-14 21:15:00', 'Nhan_vien'),
  (57, 38, 1, 25000, 25000, NULL, 'Da_hoan_thanh', 11, '2026-02-14 21:19:00', '2026-02-14 21:23:00', '2026-02-14 21:43:00', 'QR'),
  (57, 27, 2, 69000, 138000, NULL, 'Da_hoan_thanh', 11, '2026-02-14 21:00:00', '2026-02-14 21:03:00', '2026-02-14 21:08:00', 'QR'),
  (57, 42, 1, 39000, 39000, NULL, 'Da_huy', 13, '2026-02-14 21:23:00', '2026-02-14 21:28:00', NULL, 'QR'),
  (57, 39, 2, 15000, 30000, NULL, 'Da_hoan_thanh', 11, '2026-02-14 21:03:00', '2026-02-14 21:05:00', '2026-02-14 21:16:00', 'Nhan_vien'),
  (57, 15, 2, 99000, 198000, NULL, 'Da_hoan_thanh', 12, '2026-02-14 21:23:00', '2026-02-14 21:25:00', '2026-02-14 21:33:00', 'QR'),
  (58, 12, 1, 159000, 159000, NULL, 'Da_hoan_thanh', 11, '2026-04-26 13:33:00', '2026-04-26 13:36:00', '2026-04-26 13:47:00', 'QR'),
  (58, 17, 2, 89000, 178000, NULL, 'Da_hoan_thanh', 13, '2026-04-26 13:40:00', '2026-04-26 13:42:00', '2026-04-26 13:59:00', 'QR'),
  (58, 13, 2, 179000, 358000, NULL, 'Da_hoan_thanh', 12, '2026-04-26 13:37:00', '2026-04-26 13:40:00', '2026-04-26 13:45:00', 'Nhan_vien'),
  (58, 39, 2, 15000, 30000, NULL, 'Da_hoan_thanh', 12, '2026-04-26 13:26:00', '2026-04-26 13:29:00', '2026-04-26 13:38:00', 'QR'),
  (59, 39, 1, 15000, 15000, NULL, 'Da_hoan_thanh', 11, '2026-03-22 18:17:00', '2026-03-22 18:19:00', '2026-03-22 18:30:00', 'Nhan_vien'),
  (59, 8, 1, 95000, 95000, NULL, 'Da_hoan_thanh', 13, '2026-03-22 18:02:00', '2026-03-22 18:06:00', '2026-03-22 18:22:00', 'Nhan_vien'),
  (59, 40, 2, 10000, 20000, NULL, 'Da_hoan_thanh', 12, '2026-03-22 18:19:00', '2026-03-22 18:21:00', '2026-03-22 18:30:00', 'QR'),
  (59, 3, 2, 99000, 198000, NULL, 'Da_hoan_thanh', 11, '2026-03-22 18:30:00', '2026-03-22 18:33:00', '2026-03-22 18:50:00', 'QR'),
  (59, 6, 2, 139000, 278000, NULL, 'Da_hoan_thanh', 12, '2026-03-22 18:29:00', '2026-03-22 18:33:00', '2026-03-22 18:50:00', 'QR'),
  (59, 40, 3, 10000, 30000, NULL, 'Da_hoan_thanh', 11, '2026-03-22 17:52:00', '2026-03-22 17:57:00', '2026-03-22 18:10:00', 'Nhan_vien'),
  (60, 18, 2, 95000, 190000, NULL, 'Da_hoan_thanh', 10, '2026-01-18 20:22:00', '2026-01-18 20:25:00', '2026-01-18 20:41:00', 'Nhan_vien'),
  (60, 38, 1, 25000, 25000, NULL, 'Da_hoan_thanh', 12, '2026-01-18 20:21:00', '2026-01-18 20:26:00', '2026-01-18 20:36:00', 'QR'),
  (60, 4, 1, 149000, 149000, NULL, 'Da_hoan_thanh', 13, '2026-01-18 19:49:00', '2026-01-18 19:52:00', '2026-01-18 20:04:00', 'QR'),
  (60, 8, 1, 95000, 95000, NULL, 'Da_hoan_thanh', 11, '2026-01-18 20:03:00', '2026-01-18 20:06:00', '2026-01-18 20:18:00', 'Nhan_vien'),
  (60, 44, 1, 399000, 399000, NULL, 'Da_hoan_thanh', 12, '2026-01-18 19:54:00', '2026-01-18 19:56:00', '2026-01-18 20:03:00', 'QR'),
  (61, 31, 1, 79000, 79000, NULL, 'Da_hoan_thanh', 11, '2026-06-10 20:17:00', '2026-06-10 20:22:00', '2026-06-10 20:36:00', 'QR'),
  (61, 31, 1, 79000, 79000, NULL, 'Da_hoan_thanh', 11, '2026-06-10 20:00:00', '2026-06-10 20:03:00', '2026-06-10 20:10:00', 'QR'),
  (61, 44, 2, 399000, 798000, NULL, 'Da_hoan_thanh', 12, '2026-06-10 20:21:00', '2026-06-10 20:24:00', '2026-06-10 20:35:00', 'QR'),
  (61, 18, 1, 95000, 95000, NULL, 'Da_hoan_thanh', 11, '2026-06-10 20:16:00', '2026-06-10 20:22:00', '2026-06-10 20:29:00', 'Nhan_vien'),
  (61, 28, 2, 39000, 78000, NULL, 'Da_hoan_thanh', 13, '2026-06-10 20:22:00', '2026-06-10 20:27:00', '2026-06-10 20:46:00', 'QR'),
  (61, 29, 2, 15000, 30000, NULL, 'Da_hoan_thanh', 10, '2026-06-10 20:01:00', '2026-06-10 20:03:00', '2026-06-10 20:20:00', 'Nhan_vien'),
  (62, 37, 2, 15000, 30000, NULL, 'Da_hoan_thanh', 11, '2026-03-14 19:09:00', '2026-03-14 19:13:00', '2026-03-14 19:30:00', 'QR'),
  (62, 1, 3, 189000, 567000, NULL, 'Da_hoan_thanh', 13, '2026-03-14 18:55:00', '2026-03-14 18:58:00', '2026-03-14 19:05:00', 'Nhan_vien'),
  (62, 48, 1, 45000, 45000, NULL, 'Da_hoan_thanh', 13, '2026-03-14 18:51:00', '2026-03-14 18:57:00', '2026-03-14 19:11:00', 'QR'),
  (62, 17, 2, 89000, 178000, NULL, 'Da_hoan_thanh', 12, '2026-03-14 19:12:00', '2026-03-14 19:15:00', '2026-03-14 19:24:00', 'Nhan_vien'),
  (62, 45, 1, 799000, 799000, NULL, 'Da_hoan_thanh', 10, '2026-03-14 18:34:00', '2026-03-14 18:39:00', '2026-03-14 18:58:00', 'Nhan_vien'),
  (63, 15, 1, 99000, 99000, NULL, 'Da_hoan_thanh', 13, '2026-02-06 21:24:00', '2026-02-06 21:29:00', '2026-02-06 21:42:00', 'Nhan_vien'),
  (63, 11, 1, 189000, 189000, NULL, 'Da_hoan_thanh', 10, '2026-02-06 21:25:00', '2026-02-06 21:29:00', '2026-02-06 21:48:00', 'Nhan_vien'),
  (63, 10, 1, 79000, 79000, NULL, 'Da_hoan_thanh', 12, '2026-02-06 21:11:00', '2026-02-06 21:17:00', '2026-02-06 21:27:00', 'QR'),
  (63, 32, 3, 89000, 267000, NULL, 'Da_hoan_thanh', 13, '2026-02-06 21:18:00', '2026-02-06 21:22:00', '2026-02-06 21:29:00', 'Nhan_vien'),
  (63, 26, 2, 45000, 90000, NULL, 'Da_hoan_thanh', 10, '2026-02-06 21:20:00', '2026-02-06 21:22:00', '2026-02-06 21:31:00', 'QR'),
  (64, 27, 2, 69000, 138000, NULL, 'Da_hoan_thanh', 13, '2026-02-23 13:36:00', '2026-02-23 13:42:00', '2026-02-23 13:55:00', 'QR'),
  (64, 32, 3, 89000, 267000, NULL, 'Da_hoan_thanh', 13, '2026-02-23 13:57:00', '2026-02-23 14:01:00', '2026-02-23 14:09:00', 'Nhan_vien'),
  (64, 21, 3, 39000, 117000, NULL, 'Da_hoan_thanh', 12, '2026-02-23 13:41:00', '2026-02-23 13:43:00', '2026-02-23 13:50:00', 'QR'),
  (64, 23, 2, 59000, 118000, NULL, 'Da_hoan_thanh', 10, '2026-02-23 13:45:00', '2026-02-23 13:50:00', '2026-02-23 14:01:00', 'QR'),
  (64, 38, 1, 25000, 25000, NULL, 'Da_hoan_thanh', 11, '2026-02-23 14:10:00', '2026-02-23 14:16:00', '2026-02-23 14:26:00', 'Nhan_vien'),
  (65, 37, 1, 15000, 15000, NULL, 'Da_hoan_thanh', 10, '2026-04-23 13:47:00', '2026-04-23 13:50:00', '2026-04-23 14:10:00', 'QR'),
  (65, 41, 1, 35000, 35000, NULL, 'Da_hoan_thanh', 13, '2026-04-23 13:48:00', '2026-04-23 13:51:00', '2026-04-23 14:01:00', 'QR'),
  (65, 10, 1, 79000, 79000, NULL, 'Da_hoan_thanh', 13, '2026-04-23 14:11:00', '2026-04-23 14:17:00', '2026-04-23 14:30:00', 'QR'),
  (66, 34, 1, 10000, 10000, NULL, 'Da_hoan_thanh', 10, '2026-05-10 13:54:00', '2026-05-10 13:57:00', '2026-05-10 14:05:00', 'QR'),
  (66, 38, 2, 25000, 50000, NULL, 'Da_hoan_thanh', 10, '2026-05-10 13:16:00', '2026-05-10 13:18:00', '2026-05-10 13:23:00', 'QR'),
  (66, 8, 2, 95000, 190000, NULL, 'Da_hoan_thanh', 12, '2026-05-10 13:49:00', '2026-05-10 13:52:00', '2026-05-10 14:05:00', 'QR'),
  (66, 17, 2, 89000, 178000, NULL, 'Da_hoan_thanh', 11, '2026-05-10 13:43:00', '2026-05-10 13:48:00', '2026-05-10 14:03:00', 'QR'),
  (66, 43, 1, 25000, 25000, NULL, 'Da_hoan_thanh', 13, '2026-05-10 13:40:00', '2026-05-10 13:46:00', '2026-05-10 14:00:00', 'Nhan_vien'),
  (66, 10, 2, 79000, 158000, NULL, 'Da_huy', 13, '2026-05-10 13:26:00', '2026-05-10 13:30:00', NULL, 'QR'),
  (66, 29, 3, 15000, 45000, NULL, 'Da_hoan_thanh', 10, '2026-05-10 13:18:00', '2026-05-10 13:24:00', '2026-05-10 13:30:00', 'QR'),
  (66, 34, 3, 10000, 30000, NULL, 'Da_huy', 11, '2026-05-10 13:22:00', '2026-05-10 13:26:00', NULL, 'QR'),
  (67, 29, 1, 15000, 15000, NULL, 'Da_hoan_thanh', 10, '2026-06-10 22:01:00', '2026-06-10 22:04:00', '2026-06-10 22:24:00', 'QR'),
  (67, 7, 1, 89000, 89000, NULL, 'Da_hoan_thanh', 13, '2026-06-10 21:54:00', '2026-06-10 21:56:00', '2026-06-10 22:15:00', 'QR'),
  (67, 49, 3, 25000, 75000, NULL, 'Da_hoan_thanh', 13, '2026-06-10 22:10:00', '2026-06-10 22:14:00', '2026-06-10 22:27:00', 'QR'),
  (67, 38, 1, 25000, 25000, NULL, 'Da_hoan_thanh', 12, '2026-06-10 22:20:00', '2026-06-10 22:25:00', '2026-06-10 22:36:00', 'QR'),
  (67, 10, 2, 79000, 158000, NULL, 'Da_hoan_thanh', 10, '2026-06-10 22:02:00', '2026-06-10 22:08:00', '2026-06-10 22:16:00', 'QR'),
  (68, 16, 1, 219000, 219000, NULL, 'Da_hoan_thanh', 10, '2026-05-12 21:34:00', '2026-05-12 21:40:00', '2026-05-12 21:50:00', 'Nhan_vien'),
  (68, 27, 1, 69000, 69000, NULL, 'Da_hoan_thanh', 12, '2026-05-12 21:05:00', '2026-05-12 21:11:00', '2026-05-12 21:21:00', 'Nhan_vien'),
  (68, 11, 1, 189000, 189000, NULL, 'Da_hoan_thanh', 12, '2026-05-12 21:32:00', '2026-05-12 21:36:00', '2026-05-12 21:49:00', 'Nhan_vien'),
  (68, 6, 3, 139000, 417000, NULL, 'Da_hoan_thanh', 10, '2026-05-12 21:40:00', '2026-05-12 21:42:00', '2026-05-12 21:51:00', 'Nhan_vien'),
  (68, 24, 1, 49000, 49000, NULL, 'Da_hoan_thanh', 10, '2026-05-12 21:42:00', '2026-05-12 21:45:00', '2026-05-12 21:58:00', 'QR'),
  (69, 4, 2, 149000, 298000, NULL, 'Da_hoan_thanh', 11, '2026-05-13 19:14:00', '2026-05-13 19:20:00', '2026-05-13 19:29:00', 'QR'),
  (69, 32, 1, 89000, 89000, NULL, 'Da_hoan_thanh', 12, '2026-05-13 19:17:00', '2026-05-13 19:23:00', '2026-05-13 19:31:00', 'Nhan_vien'),
  (69, 42, 3, 39000, 117000, NULL, 'Da_hoan_thanh', 13, '2026-05-13 19:21:00', '2026-05-13 19:25:00', '2026-05-13 19:33:00', 'QR'),
  (69, 8, 2, 95000, 190000, NULL, 'Da_hoan_thanh', 13, '2026-05-13 19:05:00', '2026-05-13 19:09:00', '2026-05-13 19:20:00', 'QR'),
  (70, 3, 2, 99000, 198000, NULL, 'Da_hoan_thanh', 11, '2026-03-12 21:19:00', '2026-03-12 21:21:00', '2026-03-12 21:37:00', 'Nhan_vien'),
  (70, 35, 1, 10000, 10000, NULL, 'Da_hoan_thanh', 11, '2026-03-12 21:02:00', '2026-03-12 21:08:00', '2026-03-12 21:24:00', 'QR'),
  (70, 5, 1, 169000, 169000, NULL, 'Da_huy', 10, '2026-03-12 21:21:00', '2026-03-12 21:25:00', NULL, 'Nhan_vien'),
  (70, 4, 1, 149000, 149000, NULL, 'Da_hoan_thanh', 10, '2026-03-12 21:12:00', '2026-03-12 21:15:00', '2026-03-12 21:27:00', 'Nhan_vien'),
  (70, 49, 1, 25000, 25000, NULL, 'Da_hoan_thanh', 12, '2026-03-12 21:23:00', '2026-03-12 21:26:00', '2026-03-12 21:40:00', 'QR'),
  (70, 1, 2, 189000, 378000, NULL, 'Da_hoan_thanh', 10, '2026-03-12 21:13:00', '2026-03-12 21:15:00', '2026-03-12 21:28:00', 'QR'),
  (71, 21, 1, 39000, 39000, NULL, 'Da_hoan_thanh', 13, '2026-03-16 12:01:00', '2026-03-16 12:06:00', '2026-03-16 12:21:00', 'Nhan_vien'),
  (71, 21, 1, 39000, 39000, NULL, 'Da_hoan_thanh', 11, '2026-03-16 11:43:00', '2026-03-16 11:45:00', '2026-03-16 12:00:00', 'QR'),
  (71, 49, 2, 25000, 50000, NULL, 'Da_hoan_thanh', 11, '2026-03-16 12:07:00', '2026-03-16 12:13:00', '2026-03-16 12:31:00', 'QR'),
  (71, 6, 2, 139000, 278000, NULL, 'Da_hoan_thanh', 11, '2026-03-16 12:11:00', '2026-03-16 12:15:00', '2026-03-16 12:28:00', 'QR'),
  (71, 45, 2, 799000, 1598000, NULL, 'Da_hoan_thanh', 10, '2026-03-16 11:52:00', '2026-03-16 11:56:00', '2026-03-16 12:06:00', 'QR'),
  (71, 46, 1, 459000, 459000, NULL, 'Da_hoan_thanh', 11, '2026-03-16 11:39:00', '2026-03-16 11:45:00', '2026-03-16 11:56:00', 'QR'),
  (71, 16, 2, 219000, 438000, NULL, 'Da_hoan_thanh', 13, '2026-03-16 12:17:00', '2026-03-16 12:21:00', '2026-03-16 12:35:00', 'Nhan_vien'),
  (72, 22, 1, 79000, 79000, NULL, 'Da_hoan_thanh', 12, '2026-03-27 11:32:00', '2026-03-27 11:35:00', '2026-03-27 11:47:00', 'QR'),
  (72, 3, 1, 99000, 99000, NULL, 'Da_hoan_thanh', 12, '2026-03-27 11:47:00', '2026-03-27 11:51:00', '2026-03-27 12:06:00', 'QR'),
  (72, 31, 2, 79000, 158000, NULL, 'Da_hoan_thanh', 12, '2026-03-27 11:37:00', '2026-03-27 11:40:00', '2026-03-27 11:59:00', 'QR'),
  (72, 9, 1, 129000, 129000, NULL, 'Da_hoan_thanh', 12, '2026-03-27 11:59:00', '2026-03-27 12:05:00', '2026-03-27 12:19:00', 'QR'),
  (72, 35, 2, 10000, 20000, NULL, 'Da_hoan_thanh', 13, '2026-03-27 11:45:00', '2026-03-27 11:47:00', '2026-03-27 12:00:00', 'Nhan_vien'),
  (72, 17, 2, 89000, 178000, NULL, 'Da_hoan_thanh', 12, '2026-03-27 11:55:00', '2026-03-27 11:59:00', '2026-03-27 12:06:00', 'QR'),
  (72, 19, 3, 69000, 207000, NULL, 'Da_hoan_thanh', 10, '2026-03-27 11:57:00', '2026-03-27 11:59:00', '2026-03-27 12:09:00', 'QR'),
  (72, 5, 2, 169000, 338000, NULL, 'Da_hoan_thanh', 13, '2026-03-27 11:54:00', '2026-03-27 12:00:00', '2026-03-27 12:15:00', 'QR'),
  (73, 39, 2, 15000, 30000, NULL, 'Da_hoan_thanh', 11, '2026-03-06 20:39:00', '2026-03-06 20:41:00', '2026-03-06 20:59:00', 'Nhan_vien'),
  (73, 17, 1, 89000, 89000, NULL, 'Da_hoan_thanh', 12, '2026-03-06 20:32:00', '2026-03-06 20:34:00', '2026-03-06 20:53:00', 'Nhan_vien'),
  (73, 12, 1, 159000, 159000, NULL, 'Da_hoan_thanh', 11, '2026-03-06 20:47:00', '2026-03-06 20:51:00', '2026-03-06 20:59:00', 'Nhan_vien'),
  (73, 45, 1, 799000, 799000, NULL, 'Da_hoan_thanh', 12, '2026-03-06 20:17:00', '2026-03-06 20:23:00', '2026-03-06 20:29:00', 'Nhan_vien'),
  (73, 23, 3, 59000, 177000, NULL, 'Da_hoan_thanh', 11, '2026-03-06 20:15:00', '2026-03-06 20:21:00', '2026-03-06 20:36:00', 'QR'),
  (73, 31, 3, 79000, 237000, NULL, 'Da_hoan_thanh', 10, '2026-03-06 20:20:00', '2026-03-06 20:22:00', '2026-03-06 20:39:00', 'QR'),
  (73, 19, 1, 69000, 69000, NULL, 'Da_hoan_thanh', 13, '2026-03-06 20:44:00', '2026-03-06 20:46:00', '2026-03-06 20:59:00', 'Nhan_vien'),
  (73, 44, 1, 399000, 399000, NULL, 'Da_hoan_thanh', 11, '2026-03-06 20:41:00', '2026-03-06 20:45:00', '2026-03-06 21:04:00', 'QR'),
  (74, 20, 2, 45000, 90000, NULL, 'Da_hoan_thanh', 12, '2026-02-12 13:22:00', '2026-02-12 13:27:00', '2026-02-12 13:38:00', 'Nhan_vien'),
  (74, 31, 2, 79000, 158000, NULL, 'Da_hoan_thanh', 13, '2026-02-12 13:42:00', '2026-02-12 13:47:00', '2026-02-12 13:53:00', 'QR'),
  (74, 48, 1, 45000, 45000, NULL, 'Da_hoan_thanh', 12, '2026-02-12 13:15:00', '2026-02-12 13:17:00', '2026-02-12 13:23:00', 'QR'),
  (75, 39, 2, 15000, 30000, NULL, 'Da_hoan_thanh', 12, '2026-07-08 11:45:00', '2026-07-08 11:49:00', '2026-07-08 12:07:00', 'QR'),
  (75, 33, 1, 25000, 25000, NULL, 'Da_hoan_thanh', 12, '2026-07-08 11:17:00', '2026-07-08 11:23:00', '2026-07-08 11:31:00', 'QR'),
  (75, 48, 1, 45000, 45000, NULL, 'Da_hoan_thanh', 13, '2026-07-08 11:30:00', '2026-07-08 11:33:00', '2026-07-08 11:38:00', 'QR'),
  (75, 15, 3, 99000, 297000, NULL, 'Da_hoan_thanh', 12, '2026-07-08 11:25:00', '2026-07-08 11:27:00', '2026-07-08 11:44:00', 'QR'),
  (75, 12, 1, 159000, 159000, NULL, 'Da_hoan_thanh', 13, '2026-07-08 11:31:00', '2026-07-08 11:35:00', '2026-07-08 11:51:00', 'Nhan_vien'),
  (75, 9, 2, 129000, 258000, NULL, 'Da_hoan_thanh', 12, '2026-07-08 11:49:00', '2026-07-08 11:55:00', '2026-07-08 12:00:00', 'QR'),
  (76, 39, 1, 15000, 15000, NULL, 'Da_hoan_thanh', 11, '2026-06-22 13:50:00', '2026-06-22 13:56:00', '2026-06-22 14:15:00', 'QR'),
  (76, 7, 2, 89000, 178000, NULL, 'Da_hoan_thanh', 10, '2026-06-22 13:48:00', '2026-06-22 13:50:00', '2026-06-22 14:01:00', 'QR'),
  (76, 11, 1, 189000, 189000, NULL, 'Da_hoan_thanh', 11, '2026-06-22 13:53:00', '2026-06-22 13:59:00', '2026-06-22 14:14:00', 'QR'),
  (76, 43, 3, 25000, 75000, NULL, 'Da_hoan_thanh', 13, '2026-06-22 13:46:00', '2026-06-22 13:50:00', '2026-06-22 13:55:00', 'Nhan_vien'),
  (76, 25, 2, 35000, 70000, NULL, 'Da_hoan_thanh', 13, '2026-06-22 13:45:00', '2026-06-22 13:48:00', '2026-06-22 13:54:00', 'Nhan_vien'),
  (76, 46, 1, 459000, 459000, NULL, 'Da_hoan_thanh', 11, '2026-06-22 13:51:00', '2026-06-22 13:54:00', '2026-06-22 14:11:00', 'QR'),
  (76, 30, 3, 45000, 135000, NULL, 'Da_hoan_thanh', 12, '2026-06-22 13:35:00', '2026-06-22 13:38:00', '2026-06-22 13:55:00', 'Nhan_vien'),
  (76, 39, 1, 15000, 15000, NULL, 'Da_hoan_thanh', 12, '2026-06-22 13:45:00', '2026-06-22 13:50:00', '2026-06-22 14:05:00', 'Nhan_vien'),
  (77, 22, 2, 79000, 158000, NULL, 'Da_hoan_thanh', 10, '2026-05-13 12:58:00', '2026-05-13 13:01:00', '2026-05-13 13:21:00', 'QR'),
  (77, 40, 1, 10000, 10000, NULL, 'Da_hoan_thanh', 12, '2026-05-13 13:06:00', '2026-05-13 13:11:00', '2026-05-13 13:28:00', 'QR'),
  (77, 8, 2, 95000, 190000, NULL, 'Da_hoan_thanh', 11, '2026-05-13 12:46:00', '2026-05-13 12:52:00', '2026-05-13 13:04:00', 'QR'),
  (77, 23, 3, 59000, 177000, NULL, 'Da_hoan_thanh', 12, '2026-05-13 12:54:00', '2026-05-13 12:58:00', '2026-05-13 13:16:00', 'QR'),
  (77, 2, 1, 259000, 259000, NULL, 'Da_hoan_thanh', 11, '2026-05-13 13:15:00', '2026-05-13 13:20:00', '2026-05-13 13:30:00', 'Nhan_vien'),
  (77, 41, 2, 35000, 70000, NULL, 'Da_hoan_thanh', 12, '2026-05-13 12:59:00', '2026-05-13 13:04:00', '2026-05-13 13:10:00', 'QR'),
  (77, 3, 3, 99000, 297000, NULL, 'Da_hoan_thanh', 13, '2026-05-13 13:09:00', '2026-05-13 13:14:00', '2026-05-13 13:22:00', 'Nhan_vien'),
  (78, 37, 3, 15000, 45000, NULL, 'Da_hoan_thanh', 13, '2026-01-15 13:29:00', '2026-01-15 13:32:00', '2026-01-15 13:38:00', 'Nhan_vien'),
  (78, 45, 1, 799000, 799000, NULL, 'Da_huy', 10, '2026-01-15 13:29:00', '2026-01-15 13:33:00', NULL, 'Nhan_vien'),
  (78, 45, 2, 799000, 1598000, NULL, 'Da_hoan_thanh', 10, '2026-01-15 13:35:00', '2026-01-15 13:40:00', '2026-01-15 13:56:00', 'QR'),
  (78, 41, 1, 35000, 35000, NULL, 'Da_hoan_thanh', 11, '2026-01-15 13:17:00', '2026-01-15 13:21:00', '2026-01-15 13:28:00', 'Nhan_vien'),
  (78, 14, 2, 119000, 238000, NULL, 'Da_hoan_thanh', 12, '2026-01-15 13:48:00', '2026-01-15 13:53:00', '2026-01-15 14:02:00', 'QR'),
  (79, 47, 1, 25000, 25000, NULL, 'Da_hoan_thanh', 11, '2026-07-17 21:13:00', '2026-07-17 21:19:00', '2026-07-17 21:35:00', 'Nhan_vien'),
  (79, 12, 2, 159000, 318000, NULL, 'Da_hoan_thanh', 11, '2026-07-17 20:41:00', '2026-07-17 20:45:00', '2026-07-17 20:51:00', 'QR'),
  (79, 45, 2, 799000, 1598000, NULL, 'Da_hoan_thanh', 11, '2026-07-17 20:43:00', '2026-07-17 20:49:00', '2026-07-17 21:06:00', 'QR'),
  (79, 43, 1, 25000, 25000, NULL, 'Da_hoan_thanh', 12, '2026-07-17 20:43:00', '2026-07-17 20:48:00', '2026-07-17 21:05:00', 'QR'),
  (79, 34, 1, 10000, 10000, NULL, 'Da_hoan_thanh', 12, '2026-07-17 20:51:00', '2026-07-17 20:57:00', '2026-07-17 21:13:00', 'QR'),
  (79, 17, 2, 89000, 178000, NULL, 'Da_hoan_thanh', 11, '2026-07-17 20:42:00', '2026-07-17 20:48:00', '2026-07-17 20:57:00', 'QR'),
  (79, 22, 2, 79000, 158000, NULL, 'Da_hoan_thanh', 13, '2026-07-17 21:01:00', '2026-07-17 21:04:00', '2026-07-17 21:11:00', 'QR'),
  (79, 24, 2, 49000, 98000, NULL, 'Da_hoan_thanh', 12, '2026-07-17 21:02:00', '2026-07-17 21:08:00', '2026-07-17 21:21:00', 'QR'),
  (80, 41, 2, 35000, 70000, NULL, 'Da_hoan_thanh', 10, '2026-04-25 19:14:00', '2026-04-25 19:17:00', '2026-04-25 19:31:00', 'Nhan_vien'),
  (80, 11, 1, 189000, 189000, NULL, 'Da_hoan_thanh', 13, '2026-04-25 19:41:00', '2026-04-25 19:47:00', '2026-04-25 20:00:00', 'QR'),
  (80, 14, 1, 119000, 119000, NULL, 'Da_hoan_thanh', 12, '2026-04-25 19:28:00', '2026-04-25 19:33:00', '2026-04-25 19:50:00', 'Nhan_vien'),
  (81, 2, 2, 259000, 518000, NULL, 'Da_hoan_thanh', 11, '2026-03-09 12:42:00', '2026-03-09 12:47:00', '2026-03-09 12:53:00', 'QR'),
  (81, 30, 2, 45000, 90000, NULL, 'Da_hoan_thanh', 10, '2026-03-09 13:20:00', '2026-03-09 13:25:00', '2026-03-09 13:39:00', 'Nhan_vien'),
  (81, 47, 1, 25000, 25000, NULL, 'Da_hoan_thanh', 10, '2026-03-09 13:18:00', '2026-03-09 13:22:00', '2026-03-09 13:37:00', 'Nhan_vien'),
  (81, 3, 1, 99000, 99000, NULL, 'Da_hoan_thanh', 11, '2026-03-09 12:51:00', '2026-03-09 12:54:00', '2026-03-09 13:10:00', 'QR'),
  (81, 16, 2, 219000, 438000, NULL, 'Da_hoan_thanh', 12, '2026-03-09 12:49:00', '2026-03-09 12:52:00', '2026-03-09 13:05:00', 'QR'),
  (82, 40, 2, 10000, 20000, NULL, 'Da_huy', NULL, '2026-02-21 19:54:00', NULL, NULL, 'QR'),
  (82, 38, 1, 25000, 25000, NULL, 'Da_huy', NULL, '2026-02-21 20:10:00', NULL, NULL, 'QR'),
  (82, 22, 1, 79000, 79000, NULL, 'Da_huy', NULL, '2026-02-21 19:58:00', NULL, NULL, 'Nhan_vien'),
  (82, 34, 1, 10000, 10000, NULL, 'Da_huy', NULL, '2026-02-21 19:59:00', NULL, NULL, 'QR'),
  (82, 4, 1, 149000, 149000, NULL, 'Da_huy', NULL, '2026-02-21 19:48:00', NULL, NULL, 'QR'),
  (82, 7, 1, 89000, 89000, NULL, 'Da_huy', NULL, '2026-02-21 20:01:00', NULL, NULL, 'Nhan_vien'),
  (83, 7, 3, 89000, 267000, NULL, 'Da_huy', NULL, '2026-03-21 12:23:00', NULL, NULL, 'QR'),
  (83, 45, 1, 799000, 799000, NULL, 'Da_huy', NULL, '2026-03-21 12:47:00', NULL, NULL, 'QR'),
  (83, 14, 1, 119000, 119000, NULL, 'Da_huy', NULL, '2026-03-21 12:32:00', NULL, NULL, 'QR'),
  (83, 44, 2, 399000, 798000, NULL, 'Da_huy', NULL, '2026-03-21 12:19:00', NULL, NULL, 'QR'),
  (83, 29, 1, 15000, 15000, NULL, 'Da_huy', NULL, '2026-03-21 12:28:00', NULL, NULL, 'QR'),
  (83, 4, 3, 149000, 447000, NULL, 'Da_huy', NULL, '2026-03-21 12:27:00', NULL, NULL, 'QR'),
  (84, 30, 1, 45000, 45000, NULL, 'Da_huy', NULL, '2026-01-06 12:46:00', NULL, NULL, 'Nhan_vien'),
  (84, 22, 3, 79000, 237000, NULL, 'Da_huy', NULL, '2026-01-06 12:34:00', NULL, NULL, 'Nhan_vien'),
  (84, 28, 2, 39000, 78000, NULL, 'Da_huy', NULL, '2026-01-06 12:30:00', NULL, NULL, 'QR'),
  (84, 35, 1, 10000, 10000, NULL, 'Da_huy', NULL, '2026-01-06 12:39:00', NULL, NULL, 'QR'),
  (84, 29, 2, 15000, 30000, NULL, 'Da_huy', NULL, '2026-01-06 12:36:00', NULL, NULL, 'QR'),
  (84, 16, 1, 219000, 219000, NULL, 'Da_huy', NULL, '2026-01-06 12:37:00', NULL, NULL, 'QR'),
  (84, 46, 2, 459000, 918000, NULL, 'Da_huy', NULL, '2026-01-06 12:46:00', NULL, NULL, 'Nhan_vien'),
  (84, 31, 2, 79000, 158000, NULL, 'Da_huy', NULL, '2026-01-06 12:18:00', NULL, NULL, 'Nhan_vien'),
  (85, 27, 1, 69000, 69000, NULL, 'Dang_che_bien', 11, '2026-07-22 19:20:00', '2026-07-22 19:24:00', NULL, 'QR'),
  (85, 39, 1, 15000, 15000, NULL, 'Cho_xac_nhan', NULL, '2026-07-22 19:21:00', NULL, NULL, 'QR'),
  (85, 1, 2, 189000, 378000, NULL, 'Dang_che_bien', 10, '2026-07-22 19:36:00', '2026-07-22 19:38:00', NULL, 'Nhan_vien'),
  (85, 47, 1, 25000, 25000, NULL, 'Dang_che_bien', 10, '2026-07-22 19:14:00', '2026-07-22 19:20:00', NULL, 'QR'),
  (85, 25, 1, 35000, 35000, NULL, 'Dang_che_bien', 12, '2026-07-22 19:06:00', '2026-07-22 19:09:00', NULL, 'QR'),
  (86, 2, 2, 259000, 518000, NULL, 'Cho_xac_nhan', NULL, '2026-07-22 18:58:00', NULL, NULL, 'QR'),
  (86, 45, 1, 799000, 799000, NULL, 'Da_hoan_thanh', 13, '2026-07-22 18:56:00', '2026-07-22 19:02:00', '2026-07-22 19:16:00', 'QR'),
  (86, 17, 1, 89000, 89000, NULL, 'Cho_xac_nhan', NULL, '2026-07-22 18:56:00', NULL, NULL, 'QR'),
  (86, 44, 1, 399000, 399000, NULL, 'Dang_che_bien', 13, '2026-07-22 18:25:00', '2026-07-22 18:27:00', NULL, 'QR'),
  (86, 46, 1, 459000, 459000, NULL, 'Da_hoan_thanh', 10, '2026-07-22 18:45:00', '2026-07-22 18:50:00', '2026-07-22 19:01:00', 'QR'),
  (86, 47, 3, 25000, 75000, NULL, 'Cho_xac_nhan', NULL, '2026-07-22 18:31:00', NULL, NULL, 'QR'),
  (86, 33, 2, 25000, 50000, NULL, 'Dang_che_bien', 11, '2026-07-22 18:40:00', '2026-07-22 18:44:00', NULL, 'Nhan_vien'),
  (86, 31, 1, 79000, 79000, NULL, 'Cho_xac_nhan', NULL, '2026-07-22 18:49:00', NULL, NULL, 'QR'),
  (87, 38, 2, 25000, 50000, NULL, 'Da_hoan_thanh', 12, '2026-07-22 12:51:00', '2026-07-22 12:55:00', '2026-07-22 13:04:00', 'QR'),
  (87, 14, 1, 119000, 119000, NULL, 'Da_hoan_thanh', 12, '2026-07-22 12:27:00', '2026-07-22 12:33:00', '2026-07-22 12:49:00', 'QR'),
  (87, 39, 1, 15000, 15000, NULL, 'Da_hoan_thanh', 12, '2026-07-22 12:46:00', '2026-07-22 12:50:00', '2026-07-22 12:59:00', 'Nhan_vien'),
  (87, 5, 1, 169000, 169000, NULL, 'Da_hoan_thanh', 12, '2026-07-22 12:55:00', '2026-07-22 12:57:00', '2026-07-22 13:04:00', 'QR'),
  (87, 35, 2, 10000, 20000, NULL, 'Da_hoan_thanh', 13, '2026-07-22 12:43:00', '2026-07-22 12:49:00', '2026-07-22 13:00:00', 'QR'),
  (87, 5, 1, 169000, 169000, NULL, 'Da_hoan_thanh', 12, '2026-07-22 12:49:00', '2026-07-22 12:54:00', '2026-07-22 13:10:00', 'Nhan_vien'),
  (87, 25, 1, 35000, 35000, NULL, 'Da_hoan_thanh', 10, '2026-07-22 12:31:00', '2026-07-22 12:37:00', '2026-07-22 12:53:00', 'QR'),
  (88, 28, 2, 39000, 78000, NULL, 'Da_hoan_thanh', 12, '2026-07-22 19:56:00', '2026-07-22 20:02:00', '2026-07-22 20:12:00', 'QR'),
  (88, 39, 3, 15000, 45000, NULL, 'Da_hoan_thanh', 12, '2026-07-22 19:32:00', '2026-07-22 19:34:00', '2026-07-22 19:53:00', 'QR'),
  (88, 20, 3, 45000, 135000, NULL, 'Da_hoan_thanh', 11, '2026-07-22 19:18:00', '2026-07-22 19:23:00', '2026-07-22 19:30:00', 'Nhan_vien'),
  (88, 7, 1, 89000, 89000, NULL, 'Da_hoan_thanh', 13, '2026-07-22 19:26:00', '2026-07-22 19:29:00', '2026-07-22 19:36:00', 'QR');
UPDATE BAN SET trang_thai = 'Dang_su_dung', phien_token_hien_tai = 'TOK-843095' WHERE ma_ban = 10;
UPDATE BAN SET trang_thai = 'Dang_su_dung', phien_token_hien_tai = 'TOK-921807' WHERE ma_ban = 1;
UPDATE BAN SET trang_thai = 'Dang_su_dung', phien_token_hien_tai = 'TOK-522803' WHERE ma_ban = 11;
UPDATE BAN SET trang_thai = 'Dang_su_dung', phien_token_hien_tai = 'TOK-681050' WHERE ma_ban = 18;
UPDATE BAN SET trang_thai = 'Da_dat_truoc' WHERE ma_ban = 5;

INSERT INTO NHAT_KY_HAO_HUT (ma_chi_tiet_hd, ma_nguyen_lieu, so_luong_hao_hut, loai_hao_hut, ly_do, ma_nv_lam_sai, ma_nv_phe_duyet, thoi_gian_ghi_nhan) VALUES
  (8, 14, 0.222, 'Mon_huy', 'Khách đổi món khác', 13, 1, '2026-04-01 22:00:00'),
  (93, 18, 0.092, 'Mon_huy', 'Khách đổi món khác', 10, 1, '2026-07-11 22:00:00'),
  (111, 1, 0.149, 'Mon_huy', 'Khách hủy sau khi order nhầm', 13, 1, '2026-06-20 17:00:00'),
  (142, 35, 0.218, 'Mon_huy', 'Nướng cháy quá lửa', 12, 1, '2026-07-07 20:00:00'),
  (149, 1, 0.291, 'Mon_huy', 'Khách hủy sau khi order nhầm', 10, 1, '2026-06-05 16:00:00'),
  (204, 1, 0.285, 'Mon_huy', 'Khách đổi món khác', 12, 1, '2026-03-20 17:00:00'),
  (NULL, 6, 1.496, 'Kho_thieu', 'Kiểm kê phát hiện thiếu hụt', 11, 10, '2026-03-27 09:00:00'),
  (NULL, 22, 1.52, 'Kho_thieu', 'Rơi vỡ trong lúc sơ chế', 7, 1, '2026-02-02 21:00:00'),
  (NULL, 35, 1.367, 'Kho_thieu', 'Hỏng do bảo quản không đúng nhiệt độ', 6, 10, '2026-07-19 16:00:00'),
  (NULL, 4, 2.328, 'Kho_thieu', 'Rơi vỡ trong lúc sơ chế', 7, 10, '2026-05-21 18:00:00'),
  (NULL, 23, 0.537, 'Kho_thieu', 'Hỏng do bảo quản không đúng nhiệt độ', 12, 10, '2026-05-31 13:00:00'),
  (NULL, 41, 1.286, 'Kho_thieu', 'Kiểm kê phát hiện thiếu hụt', 9, 10, '2026-03-10 17:00:00'),
  (NULL, 24, 2.137, 'Kho_thieu', 'Kiểm kê phát hiện thiếu hụt', 6, 10, '2026-06-10 19:00:00'),
  (NULL, 1, 1.529, 'Kho_thieu', 'Kiểm kê phát hiện thiếu hụt', 11, 1, '2026-06-03 20:00:00');
